condition,site,wildtype,mutation,mut_escape,site_total_escape,site_max_escape
S2K146,331,N,A,0.004645,0.026,0.005989
S2K146,331,N,D,0.005989,0.026,0.005989
S2K146,331,N,E,0.0007925,0.026,0.005989
S2K146,331,N,F,0.00372,0.026,0.005989
S2K146,331,N,G,0.002445,0.026,0.005989
S2K146,331,N,H,0.0004344,0.026,0.005989
S2K146,331,N,I,0.0004894,0.026,0.005989
S2K146,331,N,K,0.001613,0.026,0.005989
S2K146,331,N,L,0.0009865,0.026,0.005989
S2K146,331,N,M,0.0004989,0.026,0.005989
S2K146,331,N,P,0.0004635,0.026,0.005989
S2K146,331,N,Q,0.0004322,0.026,0.005989
S2K146,331,N,R,0.0008968,0.026,0.005989
S2K146,331,N,S,0.001037,0.026,0.005989
S2K146,331,N,T,0.0008622,0.026,0.005989
S2K146,331,N,V,0.0006957,0.026,0.005989
S2K146,332,I,A,0.00123,0.02189,0.002621
S2K146,332,I,C,0.0004082,0.02189,0.002621
S2K146,332,I,D,0.0009781,0.02189,0.002621
S2K146,332,I,E,0.002621,0.02189,0.002621
S2K146,332,I,F,0.001722,0.02189,0.002621
S2K146,332,I,G,0.0006554,0.02189,0.002621
S2K146,332,I,H,0.0009274,0.02189,0.002621
S2K146,332,I,K,0.001243,0.02189,0.002621
S2K146,332,I,L,0.001232,0.02189,0.002621
S2K146,332,I,M,0.0008642,0.02189,0.002621
S2K146,332,I,N,0.001413,0.02189,0.002621
S2K146,332,I,P,0.0004499,0.02189,0.002621
S2K146,332,I,Q,0.001719,0.02189,0.002621
S2K146,332,I,R,0.001405,0.02189,0.002621
S2K146,332,I,S,0.001544,0.02189,0.002621
S2K146,332,I,T,0.001082,0.02189,0.002621
S2K146,332,I,V,0.000876,0.02189,0.002621
S2K146,332,I,W,0.0004114,0.02189,0.002621
S2K146,332,I,Y,0.00111,0.02189,0.002621
S2K146,333,T,A,0.0004259,0.0147,0.001861
S2K146,333,T,C,0.0004362,0.0147,0.001861
S2K146,333,T,D,0.0007463,0.0147,0.001861
S2K146,333,T,E,0.001214,0.0147,0.001861
S2K146,333,T,F,0.001025,0.0147,0.001861
S2K146,333,T,G,0.001861,0.0147,0.001861
S2K146,333,T,H,0.001075,0.0147,0.001861
S2K146,333,T,K,0.0004282,0.0147,0.001861
S2K146,333,T,L,0.0009117,0.0147,0.001861
S2K146,333,T,M,0.0006039,0.0147,0.001861
S2K146,333,T,N,0.0004325,0.0147,0.001861
S2K146,333,T,P,0.001087,0.0147,0.001861
S2K146,333,T,Q,0.0009203,0.0147,0.001861
S2K146,333,T,R,0.0004298,0.0147,0.001861
S2K146,333,T,S,0.0004253,0.0147,0.001861
S2K146,333,T,V,0.0007657,0.0147,0.001861
S2K146,333,T,W,0.0007995,0.0147,0.001861
S2K146,333,T,Y,0.001118,0.0147,0.001861
S2K146,334,N,A,0.001097,0.01284,0.001098
S2K146,334,N,C,0.0004358,0.01284,0.001098
S2K146,334,N,D,0.0006223,0.01284,0.001098
S2K146,334,N,E,0.000832,0.01284,0.001098
S2K146,334,N,F,0.0004388,0.01284,0.001098
S2K146,334,N,G,0.0007904,0.01284,0.001098
S2K146,334,N,H,0.0006511,0.01284,0.001098
S2K146,334,N,I,0.0004082,0.01284,0.001098
S2K146,334,N,K,0.0004367,0.01284,0.001098
S2K146,334,N,L,0.001095,0.01284,0.001098
S2K146,334,N,M,0.001094,0.01284,0.001098
S2K146,334,N,P,0.001098,0.01284,0.001098
S2K146,334,N,Q,0.0008422,0.01284,0.001098
S2K146,334,N,R,0.0006262,0.01284,0.001098
S2K146,334,N,S,0.0004294,0.01284,0.001098
S2K146,334,N,T,0.0003841,0.01284,0.001098
S2K146,334,N,V,0.000943,0.01284,0.001098
S2K146,334,N,Y,0.0006159,0.01284,0.001098
S2K146,335,L,A,0.0003637,0.01801,0.001768
S2K146,335,L,C,0.001633,0.01801,0.001768
S2K146,335,L,D,0.000445,0.01801,0.001768
S2K146,335,L,E,0.0004206,0.01801,0.001768
S2K146,335,L,F,0.0004199,0.01801,0.001768
S2K146,335,L,G,0.00114,0.01801,0.001768
S2K146,335,L,H,0.001371,0.01801,0.001768
S2K146,335,L,I,0.001612,0.01801,0.001768
S2K146,335,L,K,0.001768,0.01801,0.001768
S2K146,335,L,M,0.000744,0.01801,0.001768
S2K146,335,L,N,0.0007825,0.01801,0.001768
S2K146,335,L,P,0.001078,0.01801,0.001768
S2K146,335,L,Q,0.001028,0.01801,0.001768
S2K146,335,L,R,0.0009942,0.01801,0.001768
S2K146,335,L,S,0.0005196,0.01801,0.001768
S2K146,335,L,T,0.0005336,0.01801,0.001768
S2K146,335,L,V,0.0008752,0.01801,0.001768
S2K146,335,L,W,0.001393,0.01801,0.001768
S2K146,335,L,Y,0.0008892,0.01801,0.001768
S2K146,336,C,G,0.001273,0.001273,0.001273
S2K146,337,P,A,0.000758,0.01758,0.004732
S2K146,337,P,C,0.0004629,0.01758,0.004732
S2K146,337,P,D,0.004732,0.01758,0.004732
S2K146,337,P,E,0.001717,0.01758,0.004732
S2K146,337,P,G,0.0008684,0.01758,0.004732
S2K146,337,P,H,0.000805,0.01758,0.004732
S2K146,337,P,K,0.000506,0.01758,0.004732
S2K146,337,P,L,0.001152,0.01758,0.004732
S2K146,337,P,M,0.0007674,0.01758,0.004732
S2K146,337,P,N,0.001674,0.01758,0.004732
S2K146,337,P,Q,0.001221,0.01758,0.004732
S2K146,337,P,R,0.0004417,0.01758,0.004732
S2K146,337,P,S,0.001963,0.01758,0.004732
S2K146,337,P,T,0.0005121,0.01758,0.004732
S2K146,338,F,I,0.0008762,0.003416,0.001084
S2K146,338,F,L,0.001084,0.003416,0.001084
S2K146,338,F,M,0.0005846,0.003416,0.001084
S2K146,338,F,W,0.0004645,0.003416,0.001084
S2K146,338,F,Y,0.0004069,0.003416,0.001084
S2K146,339,G,A,0.0004288,0.01403,0.002495
S2K146,339,G,D,0.0007748,0.01403,0.002495
S2K146,339,G,E,0.0004484,0.01403,0.002495
S2K146,339,G,F,0.0005226,0.01403,0.002495
S2K146,339,G,H,0.0008231,0.01403,0.002495
S2K146,339,G,I,0.0004254,0.01403,0.002495
S2K146,339,G,K,0.0008039,0.01403,0.002495
S2K146,339,G,L,0.0006978,0.01403,0.002495
S2K146,339,G,M,0.001009,0.01403,0.002495
S2K146,339,G,N,0.0004304,0.01403,0.002495
S2K146,339,G,P,0.001025,0.01403,0.002495
S2K146,339,G,Q,0.0004449,0.01403,0.002495
S2K146,339,G,R,0.001266,0.01403,0.002495
S2K146,339,G,S,0.0006514,0.01403,0.002495
S2K146,339,G,T,0.000429,0.01403,0.002495
S2K146,339,G,V,0.0009325,0.01403,0.002495
S2K146,339,G,W,0.002495,0.01403,0.002495
S2K146,339,G,Y,0.0004171,0.01403,0.002495
S2K146,340,E,A,0.000425,0.01019,0.00135
S2K146,340,E,D,0.000792,0.01019,0.00135
S2K146,340,E,G,0.001091,0.01019,0.00135
S2K146,340,E,K,0.0004385,0.01019,0.00135
S2K146,340,E,L,0.001223,0.01019,0.00135
S2K146,340,E,M,0.001302,0.01019,0.00135
S2K146,340,E,N,0.001315,0.01019,0.00135
S2K146,340,E,P,0.0007771,0.01019,0.00135
S2K146,340,E,Q,0.0009981,0.01019,0.00135
S2K146,340,E,S,0.0004797,0.01019,0.00135
S2K146,340,E,T,0.00135,0.01019,0.00135
S2K146,341,V,I,0.0004458,0.0008782,0.0004458
S2K146,341,V,L,0.0004324,0.0008782,0.0004458
S2K146,342,F,I,0.0006147,0.001982,0.0009361
S2K146,342,F,L,0.0009361,0.001982,0.0009361
S2K146,342,F,M,0.000431,0.001982,0.0009361
S2K146,344,A,E,0.0007699,0.005065,0.001133
S2K146,344,A,K,0.0008617,0.005065,0.001133
S2K146,344,A,N,0.001133,0.005065,0.001133
S2K146,344,A,Q,0.001081,0.005065,0.001133
S2K146,344,A,R,0.0007122,0.005065,0.001133
S2K146,344,A,S,0.0005077,0.005065,0.001133
S2K146,345,T,A,0.0004345,0.004946,0.0009588
S2K146,345,T,D,0.0009242,0.004946,0.0009588
S2K146,345,T,E,0.0004393,0.004946,0.0009588
S2K146,345,T,K,0.000672,0.004946,0.0009588
S2K146,345,T,P,0.000691,0.004946,0.0009588
S2K146,345,T,R,0.0008262,0.004946,0.0009588
S2K146,345,T,S,0.0009588,0.004946,0.0009588
S2K146,346,R,A,0.00108,0.01877,0.002724
S2K146,346,R,C,0.0004513,0.01877,0.002724
S2K146,346,R,D,0.0007862,0.01877,0.002724
S2K146,346,R,E,0.0005677,0.01877,0.002724
S2K146,346,R,F,0.001026,0.01877,0.002724
S2K146,346,R,G,0.002724,0.01877,0.002724
S2K146,346,R,H,0.0027,0.01877,0.002724
S2K146,346,R,I,0.001298,0.01877,0.002724
S2K146,346,R,K,0.0008062,0.01877,0.002724
S2K146,346,R,L,0.001019,0.01877,0.002724
S2K146,346,R,M,0.00107,0.01877,0.002724
S2K146,346,R,N,0.0002913,0.01877,0.002724
S2K146,346,R,Q,0.0005847,0.01877,0.002724
S2K146,346,R,S,0.0005196,0.01877,0.002724
S2K146,346,R,T,0.001184,0.01877,0.002724
S2K146,346,R,V,0.001195,0.01877,0.002724
S2K146,346,R,W,0.0004331,0.01877,0.002724
S2K146,346,R,Y,0.001031,0.01877,0.002724
S2K146,347,F,W,0.0004276,0.0004276,0.0004276
S2K146,348,A,D,0.000437,0.01246,0.007475
S2K146,348,A,E,0.0004355,0.01246,0.007475
S2K146,348,A,G,0.0008546,0.01246,0.007475
S2K146,348,A,H,0.0005256,0.01246,0.007475
S2K146,348,A,K,0.007475,0.01246,0.007475
S2K146,348,A,N,0.0008396,0.01246,0.007475
S2K146,348,A,P,0.0004212,0.01246,0.007475
S2K146,348,A,Q,0.0006143,0.01246,0.007475
S2K146,348,A,S,0.000416,0.01246,0.007475
S2K146,348,A,Y,0.0004384,0.01246,0.007475
S2K146,349,S,N,0.0008799,0.001311,0.0008799
S2K146,349,S,P,0.0004306,0.001311,0.0008799
S2K146,351,Y,F,0.0004511,0.00653,0.005058
S2K146,351,Y,H,0.005058,0.00653,0.005058
S2K146,351,Y,W,0.001021,0.00653,0.005058
S2K146,352,A,D,0.0004373,0.01241,0.003258
S2K146,352,A,E,0.0004345,0.01241,0.003258
S2K146,352,A,G,0.003258,0.01241,0.003258
S2K146,352,A,H,0.0004386,0.01241,0.003258
S2K146,352,A,K,0.0007427,0.01241,0.003258
S2K146,352,A,M,0.0007011,0.01241,0.003258
S2K146,352,A,N,0.0004515,0.01241,0.003258
S2K146,352,A,Q,0.0008545,0.01241,0.003258
S2K146,352,A,R,0.002779,0.01241,0.003258
S2K146,352,A,S,0.001525,0.01241,0.003258
S2K146,352,A,Y,0.0007882,0.01241,0.003258
S2K146,353,W,F,0.0009238,0.0009238,0.0009238
S2K146,354,N,A,0.0004378,0.01086,0.005954
S2K146,354,N,G,0.0008335,0.01086,0.005954
S2K146,354,N,H,0.005954,0.01086,0.005954
S2K146,354,N,K,0.0008308,0.01086,0.005954
S2K146,354,N,R,0.0008673,0.01086,0.005954
S2K146,354,N,S,0.0009672,0.01086,0.005954
S2K146,354,N,T,0.0005292,0.01086,0.005954
S2K146,354,N,V,0.0004409,0.01086,0.005954
S2K146,356,K,A,0.0004465,0.011,0.001623
S2K146,356,K,E,0.001525,0.011,0.001623
S2K146,356,K,H,0.0005148,0.011,0.001623
S2K146,356,K,I,0.0004355,0.011,0.001623
S2K146,356,K,L,0.0004274,0.011,0.001623
S2K146,356,K,M,0.001355,0.011,0.001623
S2K146,356,K,N,0.0008692,0.011,0.001623
S2K146,356,K,Q,0.0005518,0.011,0.001623
S2K146,356,K,R,0.0009761,0.011,0.001623
S2K146,356,K,S,0.001623,0.011,0.001623
S2K146,356,K,T,0.0007957,0.011,0.001623
S2K146,356,K,V,0.0007538,0.011,0.001623
S2K146,356,K,Y,0.0007244,0.011,0.001623
S2K146,357,R,A,0.001118,0.02486,0.007744
S2K146,357,R,C,0.0003934,0.02486,0.007744
S2K146,357,R,D,0.0007729,0.02486,0.007744
S2K146,357,R,E,0.0004352,0.02486,0.007744
S2K146,357,R,H,0.007744,0.02486,0.007744
S2K146,357,R,I,0.005665,0.02486,0.007744
S2K146,357,R,K,0.0008357,0.02486,0.007744
S2K146,357,R,L,0.0005266,0.02486,0.007744
S2K146,357,R,M,0.001328,0.02486,0.007744
S2K146,357,R,N,0.0004946,0.02486,0.007744
S2K146,357,R,P,0.001238,0.02486,0.007744
S2K146,357,R,Q,0.001501,0.02486,0.007744
S2K146,357,R,S,0.0004411,0.02486,0.007744
S2K146,357,R,T,0.0004396,0.02486,0.007744
S2K146,357,R,V,0.0006242,0.02486,0.007744
S2K146,357,R,W,0.0004371,0.02486,0.007744
S2K146,357,R,Y,0.0008623,0.02486,0.007744
S2K146,358,I,C,0.000417,0.004799,0.00152
S2K146,358,I,F,0.0004266,0.004799,0.00152
S2K146,358,I,L,0.0007153,0.004799,0.00152
S2K146,358,I,M,0.00152,0.004799,0.00152
S2K146,358,I,V,0.0004421,0.004799,0.00152
S2K146,358,I,W,0.0004344,0.004799,0.00152
S2K146,358,I,Y,0.0008437,0.004799,0.00152
S2K146,359,S,A,0.002371,0.02172,0.00365
S2K146,359,S,C,0.001433,0.02172,0.00365
S2K146,359,S,D,0.001288,0.02172,0.00365
S2K146,359,S,E,0.001461,0.02172,0.00365
S2K146,359,S,F,0.001753,0.02172,0.00365
S2K146,359,S,G,0.001121,0.02172,0.00365
S2K146,359,S,H,0.0006424,0.02172,0.00365
S2K146,359,S,I,0.00365,0.02172,0.00365
S2K146,359,S,K,0.001404,0.02172,0.00365
S2K146,359,S,N,0.0005227,0.02172,0.00365
S2K146,359,S,P,0.001013,0.02172,0.00365
S2K146,359,S,Q,0.000429,0.02172,0.00365
S2K146,359,S,R,0.0007882,0.02172,0.00365
S2K146,359,S,T,0.0004361,0.02172,0.00365
S2K146,359,S,V,0.002443,0.02172,0.00365
S2K146,359,S,W,0.0005082,0.02172,0.00365
S2K146,359,S,Y,0.0004565,0.02172,0.00365
S2K146,360,N,D,0.001089,0.005976,0.001974
S2K146,360,N,E,0.001974,0.005976,0.001974
S2K146,360,N,K,0.0006851,0.005976,0.001974
S2K146,360,N,M,0.0006729,0.005976,0.001974
S2K146,360,N,Q,0.000529,0.005976,0.001974
S2K146,360,N,R,0.0004194,0.005976,0.001974
S2K146,360,N,S,0.000606,0.005976,0.001974
S2K146,361,C,N,0.0004376,0.001934,0.001496
S2K146,361,C,P,0.001496,0.001934,0.001496
S2K146,362,V,A,0.000707,0.01628,0.003426
S2K146,362,V,C,0.001442,0.01628,0.003426
S2K146,362,V,D,0.0005832,0.01628,0.003426
S2K146,362,V,E,0.0004797,0.01628,0.003426
S2K146,362,V,F,0.0007884,0.01628,0.003426
S2K146,362,V,G,0.0006484,0.01628,0.003426
S2K146,362,V,H,0.00061,0.01628,0.003426
S2K146,362,V,I,0.001288,0.01628,0.003426
S2K146,362,V,K,0.0005244,0.01628,0.003426
S2K146,362,V,L,0.0004309,0.01628,0.003426
S2K146,362,V,M,0.001554,0.01628,0.003426
S2K146,362,V,N,0,0.01628,0.003426
S2K146,362,V,Q,0.0004265,0.01628,0.003426
S2K146,362,V,R,0.0008283,0.01628,0.003426
S2K146,362,V,S,0.001244,0.01628,0.003426
S2K146,362,V,T,0.0008635,0.01628,0.003426
S2K146,362,V,W,0.003426,0.01628,0.003426
S2K146,362,V,Y,0.0004369,0.01628,0.003426
S2K146,363,A,C,0.0009656,0.01241,0.001505
S2K146,363,A,F,0.001505,0.01241,0.001505
S2K146,363,A,G,0.0007932,0.01241,0.001505
S2K146,363,A,H,0.001011,0.01241,0.001505
S2K146,363,A,I,0.0009325,0.01241,0.001505
S2K146,363,A,L,0.001047,0.01241,0.001505
S2K146,363,A,M,0.0009229,0.01241,0.001505
S2K146,363,A,P,0.0004348,0.01241,0.001505
S2K146,363,A,Q,0.001392,0.01241,0.001505
S2K146,363,A,S,0.0007629,0.01241,0.001505
S2K146,363,A,T,0.0008038,0.01241,0.001505
S2K146,363,A,V,0.0004359,0.01241,0.001505
S2K146,363,A,W,0.0004318,0.01241,0.001505
S2K146,363,A,Y,0.0009683,0.01241,0.001505
S2K146,365,Y,A,0.003322,0.01275,0.003322
S2K146,365,Y,C,0.001502,0.01275,0.003322
S2K146,365,Y,F,0.0004288,0.01275,0.003322
S2K146,365,Y,G,0.001018,0.01275,0.003322
S2K146,365,Y,I,0.001059,0.01275,0.003322
S2K146,365,Y,L,0.001571,0.01275,0.003322
S2K146,365,Y,M,0.001419,0.01275,0.003322
S2K146,365,Y,P,0.000607,0.01275,0.003322
S2K146,365,Y,T,0.0004363,0.01275,0.003322
S2K146,365,Y,V,0.0003192,0.01275,0.003322
S2K146,365,Y,W,0.001064,0.01275,0.003322
S2K146,366,S,A,0.0004312,0.02467,0.006112
S2K146,366,S,D,0.0007348,0.02467,0.006112
S2K146,366,S,E,0.0007414,0.02467,0.006112
S2K146,366,S,F,0.0007083,0.02467,0.006112
S2K146,366,S,G,0.0006738,0.02467,0.006112
S2K146,366,S,H,0.003728,0.02467,0.006112
S2K146,366,S,I,0.002717,0.02467,0.006112
S2K146,366,S,K,0.000862,0.02467,0.006112
S2K146,366,S,L,0.0004929,0.02467,0.006112
S2K146,366,S,M,0.0004481,0.02467,0.006112
S2K146,366,S,N,0.004083,0.02467,0.006112
S2K146,366,S,P,0.001015,0.02467,0.006112
S2K146,366,S,Q,0.0004739,0.02467,0.006112
S2K146,366,S,R,0.0004573,0.02467,0.006112
S2K146,366,S,T,0.0004728,0.02467,0.006112
S2K146,366,S,V,0.006112,0.02467,0.006112
S2K146,366,S,W,0.0005208,0.02467,0.006112
S2K146,367,V,A,0.0004424,0.0179,0.002923
S2K146,367,V,C,0.0008346,0.0179,0.002923
S2K146,367,V,D,0.0008188,0.0179,0.002923
S2K146,367,V,E,0.000986,0.0179,0.002923
S2K146,367,V,F,0.0007243,0.0179,0.002923
S2K146,367,V,G,0.0005624,0.0179,0.002923
S2K146,367,V,H,0.001194,0.0179,0.002923
S2K146,367,V,I,0.001399,0.0179,0.002923
S2K146,367,V,K,0.001067,0.0179,0.002923
S2K146,367,V,L,0.002923,0.0179,0.002923
S2K146,367,V,M,0.0006635,0.0179,0.002923
S2K146,367,V,N,0.001074,0.0179,0.002923
S2K146,367,V,P,0.0004544,0.0179,0.002923
S2K146,367,V,Q,0.0004213,0.0179,0.002923
S2K146,367,V,R,0.000451,0.0179,0.002923
S2K146,367,V,S,0.001105,0.0179,0.002923
S2K146,367,V,T,0.001121,0.0179,0.002923
S2K146,367,V,W,0.000427,0.0179,0.002923
S2K146,367,V,Y,0.001234,0.0179,0.002923
S2K146,368,L,F,0.0004353,0.003637,0.001221
S2K146,368,L,I,0.0009398,0.003637,0.001221
S2K146,368,L,M,0.001041,0.003637,0.001221
S2K146,368,L,V,0.001221,0.003637,0.001221
S2K146,369,Y,A,0.007945,0.02372,0.007945
S2K146,369,Y,C,0.001147,0.02372,0.007945
S2K146,369,Y,D,0.00133,0.02372,0.007945
S2K146,369,Y,E,0.0006764,0.02372,0.007945
S2K146,369,Y,F,0.0004329,0.02372,0.007945
S2K146,369,Y,G,0.0006345,0.02372,0.007945
S2K146,369,Y,H,0.0004393,0.02372,0.007945
S2K146,369,Y,I,0.001816,0.02372,0.007945
S2K146,369,Y,K,0.001374,0.02372,0.007945
S2K146,369,Y,L,0.0003862,0.02372,0.007945
S2K146,369,Y,M,0.00102,0.02372,0.007945
S2K146,369,Y,N,0.0009948,0.02372,0.007945
S2K146,369,Y,P,0.0004361,0.02372,0.007945
S2K146,369,Y,Q,0.000447,0.02372,0.007945
S2K146,369,Y,R,0.0004239,0.02372,0.007945
S2K146,369,Y,S,0.001201,0.02372,0.007945
S2K146,369,Y,T,0.001636,0.02372,0.007945
S2K146,369,Y,V,0.0009443,0.02372,0.007945
S2K146,369,Y,W,0.0004368,0.02372,0.007945
S2K146,370,N,A,0.0004723,0.02105,0.006957
S2K146,370,N,D,0.001881,0.02105,0.006957
S2K146,370,N,E,0.000435,0.02105,0.006957
S2K146,370,N,G,0.0004842,0.02105,0.006957
S2K146,370,N,H,0.001066,0.02105,0.006957
S2K146,370,N,K,0.006957,0.02105,0.006957
S2K146,370,N,L,0.002159,0.02105,0.006957
S2K146,370,N,M,0.001014,0.02105,0.006957
S2K146,370,N,P,0.001006,0.02105,0.006957
S2K146,370,N,Q,0.0005787,0.02105,0.006957
S2K146,370,N,R,0.001641,0.02105,0.006957
S2K146,370,N,S,0.00104,0.02105,0.006957
S2K146,370,N,T,0.001142,0.02105,0.006957
S2K146,370,N,Y,0.001172,0.02105,0.006957
S2K146,371,S,A,0.0004282,0.01792,0.002099
S2K146,371,S,C,0.00095,0.01792,0.002099
S2K146,371,S,D,0.001346,0.01792,0.002099
S2K146,371,S,E,0.0006553,0.01792,0.002099
S2K146,371,S,F,0.0006413,0.01792,0.002099
S2K146,371,S,G,0.0004232,0.01792,0.002099
S2K146,371,S,H,0.002099,0.01792,0.002099
S2K146,371,S,I,0.0004351,0.01792,0.002099
S2K146,371,S,K,0.0009049,0.01792,0.002099
S2K146,371,S,L,0.0008595,0.01792,0.002099
S2K146,371,S,M,0.0009516,0.01792,0.002099
S2K146,371,S,N,0.0004241,0.01792,0.002099
S2K146,371,S,P,0.0008871,0.01792,0.002099
S2K146,371,S,Q,0.001705,0.01792,0.002099
S2K146,371,S,R,0.001238,0.01792,0.002099
S2K146,371,S,T,0.001145,0.01792,0.002099
S2K146,371,S,V,0.0008024,0.01792,0.002099
S2K146,371,S,W,0.0007742,0.01792,0.002099
S2K146,371,S,Y,0.00125,0.01792,0.002099
S2K146,372,A,D,0.0004386,0.01878,0.002649
S2K146,372,A,E,0.001037,0.01878,0.002649
S2K146,372,A,F,0.0008019,0.01878,0.002649
S2K146,372,A,G,0.0008451,0.01878,0.002649
S2K146,372,A,H,0.0004115,0.01878,0.002649
S2K146,372,A,I,0.0007687,0.01878,0.002649
S2K146,372,A,K,0.001339,0.01878,0.002649
S2K146,372,A,L,0.0005729,0.01878,0.002649
S2K146,372,A,M,0.001588,0.01878,0.002649
S2K146,372,A,N,0.0006684,0.01878,0.002649
S2K146,372,A,P,0.001115,0.01878,0.002649
S2K146,372,A,Q,0.0008874,0.01878,0.002649
S2K146,372,A,R,0.002649,0.01878,0.002649
S2K146,372,A,S,0.0005617,0.01878,0.002649
S2K146,372,A,T,0.0006859,0.01878,0.002649
S2K146,372,A,V,0.001487,0.01878,0.002649
S2K146,372,A,W,0.001267,0.01878,0.002649
S2K146,372,A,Y,0.001655,0.01878,0.002649
S2K146,373,S,A,0.0004276,0.02187,0.002615
S2K146,373,S,C,0.000601,0.02187,0.002615
S2K146,373,S,D,0.002615,0.02187,0.002615
S2K146,373,S,E,0.0009749,0.02187,0.002615
S2K146,373,S,F,0.001808,0.02187,0.002615
S2K146,373,S,G,0.0009815,0.02187,0.002615
S2K146,373,S,H,0.0004377,0.02187,0.002615
S2K146,373,S,I,0.0006008,0.02187,0.002615
S2K146,373,S,K,0.002584,0.02187,0.002615
S2K146,373,S,L,0.001053,0.02187,0.002615
S2K146,373,S,M,0.000437,0.02187,0.002615
S2K146,373,S,N,0.0004332,0.02187,0.002615
S2K146,373,S,P,0.002085,0.02187,0.002615
S2K146,373,S,Q,0.000929,0.02187,0.002615
S2K146,373,S,R,0.001026,0.02187,0.002615
S2K146,373,S,T,0.001117,0.02187,0.002615
S2K146,373,S,V,0.001169,0.02187,0.002615
S2K146,373,S,W,0.0006927,0.02187,0.002615
S2K146,373,S,Y,0.001898,0.02187,0.002615
S2K146,374,F,A,0.0009209,0.01967,0.004565
S2K146,374,F,D,0.0004502,0.01967,0.004565
S2K146,374,F,H,0.001651,0.01967,0.004565
S2K146,374,F,I,0.001124,0.01967,0.004565
S2K146,374,F,L,0.001348,0.01967,0.004565
S2K146,374,F,M,0.002301,0.01967,0.004565
S2K146,374,F,N,0.0005977,0.01967,0.004565
S2K146,374,F,Q,0.003709,0.01967,0.004565
S2K146,374,F,T,0.0008504,0.01967,0.004565
S2K146,374,F,V,0.004565,0.01967,0.004565
S2K146,374,F,W,0.001247,0.01967,0.004565
S2K146,374,F,Y,0.0009062,0.01967,0.004565
S2K146,375,S,A,0.0004329,0.006163,0.001202
S2K146,375,S,D,0.0007353,0.006163,0.001202
S2K146,375,S,E,0.00055,0.006163,0.001202
S2K146,375,S,G,0.0004257,0.006163,0.001202
S2K146,375,S,H,0.0009657,0.006163,0.001202
S2K146,375,S,K,0.000889,0.006163,0.001202
S2K146,375,S,N,0.0004392,0.006163,0.001202
S2K146,375,S,Q,0.001202,0.006163,0.001202
S2K146,375,S,T,0.0005235,0.006163,0.001202
S2K146,376,T,C,0.000435,0.01037,0.002075
S2K146,376,T,D,0.000543,0.01037,0.002075
S2K146,376,T,F,0.000443,0.01037,0.002075
S2K146,376,T,H,0.001936,0.01037,0.002075
S2K146,376,T,I,0.0009125,0.01037,0.002075
S2K146,376,T,K,0.002075,0.01037,0.002075
S2K146,376,T,L,0.0004312,0.01037,0.002075
S2K146,376,T,M,0.0004336,0.01037,0.002075
S2K146,376,T,N,0.0008542,0.01037,0.002075
S2K146,376,T,S,0.001316,0.01037,0.002075
S2K146,376,T,V,0.0004288,0.01037,0.002075
S2K146,376,T,Y,0.0005624,0.01037,0.002075
S2K146,377,F,I,0.001249,0.004682,0.001249
S2K146,377,F,L,0.001199,0.004682,0.001249
S2K146,377,F,M,0.001083,0.004682,0.001249
S2K146,377,F,V,0.0004811,0.004682,0.001249
S2K146,377,F,W,0.0006703,0.004682,0.001249
S2K146,378,K,A,0.001312,0.0117,0.002057
S2K146,378,K,C,0.0008563,0.0117,0.002057
S2K146,378,K,D,0.0006651,0.0117,0.002057
S2K146,378,K,E,0.0009339,0.0117,0.002057
S2K146,378,K,H,0.0008356,0.0117,0.002057
S2K146,378,K,I,0.0004291,0.0117,0.002057
S2K146,378,K,L,0.002057,0.0117,0.002057
S2K146,378,K,M,0.001324,0.0117,0.002057
S2K146,378,K,N,0.0007082,0.0117,0.002057
S2K146,378,K,Q,0.0004415,0.0117,0.002057
S2K146,378,K,R,0.0004161,0.0117,0.002057
S2K146,378,K,S,0.0005067,0.0117,0.002057
S2K146,378,K,T,0.0005101,0.0117,0.002057
S2K146,378,K,V,0.0007075,0.0117,0.002057
S2K146,380,Y,F,0.0003602,0.001932,0.001572
S2K146,380,Y,W,0.001572,0.001932,0.001572
S2K146,381,G,H,0.00376,0.008933,0.00376
S2K146,381,G,K,0.0013,0.008933,0.00376
S2K146,381,G,N,0.0005486,0.008933,0.00376
S2K146,381,G,Q,0.0007001,0.008933,0.00376
S2K146,381,G,R,0.001138,0.008933,0.00376
S2K146,381,G,S,0.001487,0.008933,0.00376
S2K146,382,V,C,0.0004156,0.004121,0.001009
S2K146,382,V,F,0.0004238,0.004121,0.001009
S2K146,382,V,I,0.0004358,0.004121,0.001009
S2K146,382,V,L,0.0004362,0.004121,0.001009
S2K146,382,V,M,0.000967,0.004121,0.001009
S2K146,382,V,T,0.001009,0.004121,0.001009
S2K146,382,V,Y,0.0004341,0.004121,0.001009
S2K146,383,S,A,0.0008961,0.01447,0.002509
S2K146,383,S,C,0.0004623,0.01447,0.002509
S2K146,383,S,D,0.0003771,0.01447,0.002509
S2K146,383,S,E,0.002509,0.01447,0.002509
S2K146,383,S,H,0.001844,0.01447,0.002509
S2K146,383,S,I,0.0004472,0.01447,0.002509
S2K146,383,S,K,0.0006724,0.01447,0.002509
S2K146,383,S,L,0.0006502,0.01447,0.002509
S2K146,383,S,M,0.0008885,0.01447,0.002509
S2K146,383,S,N,0.002267,0.01447,0.002509
S2K146,383,S,P,0.0008942,0.01447,0.002509
S2K146,383,S,Q,0.0004372,0.01447,0.002509
S2K146,383,S,R,0.0005272,0.01447,0.002509
S2K146,383,S,T,0.0006495,0.01447,0.002509
S2K146,383,S,V,0.0005132,0.01447,0.002509
S2K146,383,S,Y,0.0004295,0.01447,0.002509
S2K146,384,P,A,0.000644,0.01462,0.001446
S2K146,384,P,E,0.0007933,0.01462,0.001446
S2K146,384,P,F,0.000578,0.01462,0.001446
S2K146,384,P,G,0.0004563,0.01462,0.001446
S2K146,384,P,H,0.001245,0.01462,0.001446
S2K146,384,P,I,0.0009148,0.01462,0.001446
S2K146,384,P,K,0.000767,0.01462,0.001446
S2K146,384,P,L,0.001197,0.01462,0.001446
S2K146,384,P,M,0.0004666,0.01462,0.001446
S2K146,384,P,N,0.0004363,0.01462,0.001446
S2K146,384,P,Q,0.0008838,0.01462,0.001446
S2K146,384,P,R,0.0004862,0.01462,0.001446
S2K146,384,P,S,0.001446,0.01462,0.001446
S2K146,384,P,T,0.00103,0.01462,0.001446
S2K146,384,P,V,0.001244,0.01462,0.001446
S2K146,384,P,W,0.001072,0.01462,0.001446
S2K146,384,P,Y,0.0009564,0.01462,0.001446
S2K146,385,T,A,0.001217,0.0203,0.003333
S2K146,385,T,C,0.0004232,0.0203,0.003333
S2K146,385,T,D,0.0005733,0.0203,0.003333
S2K146,385,T,E,0.001327,0.0203,0.003333
S2K146,385,T,F,0.0009531,0.0203,0.003333
S2K146,385,T,G,0.0008285,0.0203,0.003333
S2K146,385,T,H,0.0004366,0.0203,0.003333
S2K146,385,T,I,0.000425,0.0203,0.003333
S2K146,385,T,K,0.0008341,0.0203,0.003333
S2K146,385,T,L,0.000679,0.0203,0.003333
S2K146,385,T,M,0.003333,0.0203,0.003333
S2K146,385,T,N,0.0007315,0.0203,0.003333
S2K146,385,T,P,0.0009086,0.0203,0.003333
S2K146,385,T,Q,0.001979,0.0203,0.003333
S2K146,385,T,R,0.001191,0.0203,0.003333
S2K146,385,T,S,0.0004013,0.0203,0.003333
S2K146,385,T,V,0.002169,0.0203,0.003333
S2K146,385,T,W,0.0005176,0.0203,0.003333
S2K146,385,T,Y,0.001371,0.0203,0.003333
S2K146,386,K,A,0.002015,0.017,0.002015
S2K146,386,K,C,0.001431,0.017,0.002015
S2K146,386,K,D,0.0006601,0.017,0.002015
S2K146,386,K,E,0.0007622,0.017,0.002015
S2K146,386,K,G,0.001158,0.017,0.002015
S2K146,386,K,H,0.0007183,0.017,0.002015
S2K146,386,K,I,0.001275,0.017,0.002015
S2K146,386,K,L,0.0009288,0.017,0.002015
S2K146,386,K,M,0.001714,0.017,0.002015
S2K146,386,K,N,0.001125,0.017,0.002015
S2K146,386,K,Q,0.001671,0.017,0.002015
S2K146,386,K,R,0.0008958,0.017,0.002015
S2K146,386,K,S,0.0008945,0.017,0.002015
S2K146,386,K,T,0.0006463,0.017,0.002015
S2K146,386,K,V,0.000676,0.017,0.002015
S2K146,386,K,Y,0.000432,0.017,0.002015
S2K146,387,L,I,0.0004447,0.001291,0.0008462
S2K146,387,L,M,0.0008462,0.001291,0.0008462
S2K146,388,N,A,0.0004274,0.01333,0.00166
S2K146,388,N,D,0.0007153,0.01333,0.00166
S2K146,388,N,E,0.001575,0.01333,0.00166
S2K146,388,N,G,0.001145,0.01333,0.00166
S2K146,388,N,H,0.001458,0.01333,0.00166
S2K146,388,N,K,0.0004327,0.01333,0.00166
S2K146,388,N,L,0.001151,0.01333,0.00166
S2K146,388,N,M,0.00166,0.01333,0.00166
S2K146,388,N,P,0.001169,0.01333,0.00166
S2K146,388,N,Q,0.0008873,0.01333,0.00166
S2K146,388,N,R,0.000895,0.01333,0.00166
S2K146,388,N,S,0.000448,0.01333,0.00166
S2K146,388,N,T,0.0009275,0.01333,0.00166
S2K146,388,N,V,0.0004382,0.01333,0.00166
S2K146,389,D,A,0.001303,0.01438,0.001729
S2K146,389,D,C,0.0005071,0.01438,0.001729
S2K146,389,D,E,0.0005471,0.01438,0.001729
S2K146,389,D,F,0.0006761,0.01438,0.001729
S2K146,389,D,G,0.0003751,0.01438,0.001729
S2K146,389,D,H,0.0004454,0.01438,0.001729
S2K146,389,D,K,0.001729,0.01438,0.001729
S2K146,389,D,L,0.001185,0.01438,0.001729
S2K146,389,D,M,0.0008965,0.01438,0.001729
S2K146,389,D,N,0.001085,0.01438,0.001729
S2K146,389,D,Q,0.001027,0.01438,0.001729
S2K146,389,D,R,0.0008719,0.01438,0.001729
S2K146,389,D,S,0.001192,0.01438,0.001729
S2K146,389,D,T,0.0004799,0.01438,0.001729
S2K146,389,D,W,0.0004358,0.01438,0.001729
S2K146,389,D,Y,0.001629,0.01438,0.001729
S2K146,390,L,A,0.0004212,0.0278,0.01193
S2K146,390,L,C,0.001451,0.0278,0.01193
S2K146,390,L,D,0.01193,0.0278,0.01193
S2K146,390,L,E,0.001196,0.0278,0.01193
S2K146,390,L,F,0.001227,0.0278,0.01193
S2K146,390,L,G,0.0008526,0.0278,0.01193
S2K146,390,L,H,0.001119,0.0278,0.01193
S2K146,390,L,I,0.0007871,0.0278,0.01193
S2K146,390,L,K,0.0004109,0.0278,0.01193
S2K146,390,L,M,0.0009712,0.0278,0.01193
S2K146,390,L,N,0.0005903,0.0278,0.01193
S2K146,390,L,Q,0.0008944,0.0278,0.01193
S2K146,390,L,R,0.00115,0.0278,0.01193
S2K146,390,L,S,0.001493,0.0278,0.01193
S2K146,390,L,T,0.0009826,0.0278,0.01193
S2K146,390,L,V,0.001214,0.0278,0.01193
S2K146,390,L,W,0.0004377,0.0278,0.01193
S2K146,390,L,Y,0.0006789,0.0278,0.01193
S2K146,391,C,A,0.0004744,0.01695,0.001497
S2K146,391,C,D,0.00109,0.01695,0.001497
S2K146,391,C,E,0.0007223,0.01695,0.001497
S2K146,391,C,F,0.0009911,0.01695,0.001497
S2K146,391,C,G,0.0008175,0.01695,0.001497
S2K146,391,C,H,0.001497,0.01695,0.001497
S2K146,391,C,I,0.0003449,0.01695,0.001497
S2K146,391,C,K,0.0005006,0.01695,0.001497
S2K146,391,C,L,0.001265,0.01695,0.001497
S2K146,391,C,M,0.0004293,0.01695,0.001497
S2K146,391,C,N,0.00112,0.01695,0.001497
S2K146,391,C,P,0.0004593,0.01695,0.001497
S2K146,391,C,Q,0.0009299,0.01695,0.001497
S2K146,391,C,R,0.001292,0.01695,0.001497
S2K146,391,C,S,0.0009441,0.01695,0.001497
S2K146,391,C,T,0.000428,0.01695,0.001497
S2K146,391,C,V,0.0009264,0.01695,0.001497
S2K146,391,C,W,0.001369,0.01695,0.001497
S2K146,391,C,Y,0.001349,0.01695,0.001497
S2K146,392,F,A,0.0006315,0.01124,0.001686
S2K146,392,F,C,0.001599,0.01124,0.001686
S2K146,392,F,H,0.0004802,0.01124,0.001686
S2K146,392,F,I,0.001144,0.01124,0.001686
S2K146,392,F,L,0.0008677,0.01124,0.001686
S2K146,392,F,M,0.001061,0.01124,0.001686
S2K146,392,F,N,0.0004349,0.01124,0.001686
S2K146,392,F,P,0.0004738,0.01124,0.001686
S2K146,392,F,S,0.0009049,0.01124,0.001686
S2K146,392,F,T,0.0004352,0.01124,0.001686
S2K146,392,F,V,0.001686,0.01124,0.001686
S2K146,392,F,W,0.0007624,0.01124,0.001686
S2K146,392,F,Y,0.0007552,0.01124,0.001686
S2K146,393,T,A,0.001145,0.02007,0.003552
S2K146,393,T,C,0.0008242,0.02007,0.003552
S2K146,393,T,D,0.001685,0.02007,0.003552
S2K146,393,T,E,0.001367,0.02007,0.003552
S2K146,393,T,G,0.0007187,0.02007,0.003552
S2K146,393,T,H,0.0004361,0.02007,0.003552
S2K146,393,T,I,0.0004272,0.02007,0.003552
S2K146,393,T,K,0.001379,0.02007,0.003552
S2K146,393,T,L,0.003552,0.02007,0.003552
S2K146,393,T,M,0.001547,0.02007,0.003552
S2K146,393,T,N,0.000701,0.02007,0.003552
S2K146,393,T,Q,0.003109,0.02007,0.003552
S2K146,393,T,R,0.0004613,0.02007,0.003552
S2K146,393,T,S,0.001782,0.02007,0.003552
S2K146,393,T,V,0.0005151,0.02007,0.003552
S2K146,393,T,Y,0.0004242,0.02007,0.003552
S2K146,394,N,A,0.0009032,0.02125,0.002817
S2K146,394,N,C,0.0008824,0.02125,0.002817
S2K146,394,N,D,0.0008282,0.02125,0.002817
S2K146,394,N,E,0.0004357,0.02125,0.002817
S2K146,394,N,F,0.002477,0.02125,0.002817
S2K146,394,N,G,0.001579,0.02125,0.002817
S2K146,394,N,H,0.002817,0.02125,0.002817
S2K146,394,N,I,0.0009822,0.02125,0.002817
S2K146,394,N,K,0.001124,0.02125,0.002817
S2K146,394,N,L,0.000853,0.02125,0.002817
S2K146,394,N,M,0.0006571,0.02125,0.002817
S2K146,394,N,P,0.001219,0.02125,0.002817
S2K146,394,N,Q,0.001034,0.02125,0.002817
S2K146,394,N,R,0.001636,0.02125,0.002817
S2K146,394,N,S,0.0004513,0.02125,0.002817
S2K146,394,N,T,0.000449,0.02125,0.002817
S2K146,394,N,V,0.0008785,0.02125,0.002817
S2K146,394,N,W,0.001238,0.02125,0.002817
S2K146,394,N,Y,0.000801,0.02125,0.002817
S2K146,395,V,A,0.001205,0.004876,0.002246
S2K146,395,V,G,0.0005933,0.004876,0.002246
S2K146,395,V,I,0.0003916,0.004876,0.002246
S2K146,395,V,L,0.0004394,0.004876,0.002246
S2K146,395,V,M,0.002246,0.004876,0.002246
S2K146,396,Y,C,0.003813,0.01225,0.003813
S2K146,396,Y,F,0.0005817,0.01225,0.003813
S2K146,396,Y,H,0.0005798,0.01225,0.003813
S2K146,396,Y,I,0.0009235,0.01225,0.003813
S2K146,396,Y,L,0.0003316,0.01225,0.003813
S2K146,396,Y,M,0.0004338,0.01225,0.003813
S2K146,396,Y,N,0.0007868,0.01225,0.003813
S2K146,396,Y,S,0.000439,0.01225,0.003813
S2K146,396,Y,T,0.001695,0.01225,0.003813
S2K146,396,Y,V,0.0008323,0.01225,0.003813
S2K146,396,Y,W,0.001831,0.01225,0.003813
S2K146,397,A,C,0.0004388,0.004543,0.003231
S2K146,397,A,I,0.0004366,0.004543,0.003231
S2K146,397,A,L,0.003231,0.004543,0.003231
S2K146,397,A,V,0.0004369,0.004543,0.003231
S2K146,399,S,T,0.0008529,0.0008529,0.0008529
S2K146,401,V,I,0.001836,0.001836,0.001836
S2K146,402,I,C,0.00151,0.002382,0.00151
S2K146,402,I,L,0.0004384,0.002382,0.00151
S2K146,402,I,V,0.0004344,0.002382,0.00151
S2K146,403,R,A,0.0008198,0.003873,0.001757
S2K146,403,R,K,0.0004345,0.003873,0.001757
S2K146,403,R,M,0.0004295,0.003873,0.001757
S2K146,403,R,S,0.0004325,0.003873,0.001757
S2K146,403,R,T,0.001757,0.003873,0.001757
S2K146,404,G,A,0.002754,0.003703,0.002754
S2K146,404,G,K,0.0009489,0.003703,0.002754
S2K146,405,D,A,0.0006827,0.004717,0.001825
S2K146,405,D,E,0.0004374,0.004717,0.001825
S2K146,405,D,K,0.001825,0.004717,0.001825
S2K146,405,D,N,0.001075,0.004717,0.001825
S2K146,405,D,R,0,0.004717,0.001825
S2K146,405,D,S,0.0006973,0.004717,0.001825
S2K146,406,E,D,0.0007966,0.002405,0.001032
S2K146,406,E,Q,0.001032,0.002405,0.001032
S2K146,406,E,W,0.0005761,0.002405,0.001032
S2K146,407,V,I,0.0006672,0.001762,0.001095
S2K146,407,V,L,0.001095,0.001762,0.001095
S2K146,408,R,A,0.0004394,0.01313,0.002647
S2K146,408,R,C,0.001192,0.01313,0.002647
S2K146,408,R,E,0.0007243,0.01313,0.002647
S2K146,408,R,F,0.0007462,0.01313,0.002647
S2K146,408,R,G,0.0006067,0.01313,0.002647
S2K146,408,R,H,0.001366,0.01313,0.002647
S2K146,408,R,K,0.001179,0.01313,0.002647
S2K146,408,R,L,0.0004571,0.01313,0.002647
S2K146,408,R,P,0.0009036,0.01313,0.002647
S2K146,408,R,S,0.00156,0.01313,0.002647
S2K146,408,R,T,0.0005349,0.01313,0.002647
S2K146,408,R,V,0.002647,0.01313,0.002647
S2K146,408,R,W,0.0007703,0.01313,0.002647
S2K146,409,Q,E,0.002182,0.002182,0.002182
S2K146,410,I,V,0.001218,0.001218,0.001218
S2K146,411,A,E,0.001015,0.004932,0.001342
S2K146,411,A,G,0.001304,0.004932,0.001342
S2K146,411,A,Q,0.0008359,0.004932,0.001342
S2K146,411,A,R,0.0004354,0.004932,0.001342
S2K146,411,A,S,0.001342,0.004932,0.001342
S2K146,413,G,A,0.0006028,0.01164,0.00157
S2K146,413,G,C,0.001389,0.01164,0.00157
S2K146,413,G,F,0.0006398,0.01164,0.00157
S2K146,413,G,H,0.0006207,0.01164,0.00157
S2K146,413,G,K,0.0008531,0.01164,0.00157
S2K146,413,G,L,0.0007729,0.01164,0.00157
S2K146,413,G,M,0.0006361,0.01164,0.00157
S2K146,413,G,N,0.00113,0.01164,0.00157
S2K146,413,G,Q,0.001026,0.01164,0.00157
S2K146,413,G,R,0.00157,0.01164,0.00157
S2K146,413,G,S,0.001357,0.01164,0.00157
S2K146,413,G,Y,0.001044,0.01164,0.00157
S2K146,414,Q,A,0.001651,0.009633,0.001665
S2K146,414,Q,C,0.001079,0.009633,0.001665
S2K146,414,Q,E,0.0004569,0.009633,0.001665
S2K146,414,Q,G,0.0004295,0.009633,0.001665
S2K146,414,Q,I,0.001174,0.009633,0.001665
S2K146,414,Q,K,0.0004707,0.009633,0.001665
S2K146,414,Q,M,0.0009941,0.009633,0.001665
S2K146,414,Q,R,0.001665,0.009633,0.001665
S2K146,414,Q,S,0.0006098,0.009633,0.001665
S2K146,414,Q,T,0.0004404,0.009633,0.001665
S2K146,414,Q,V,0.0006633,0.009633,0.001665
S2K146,415,T,A,0.0008343,0.01278,0.002065
S2K146,415,T,D,0.002065,0.01278,0.002065
S2K146,415,T,E,0.0009614,0.01278,0.002065
S2K146,415,T,G,0.0004113,0.01278,0.002065
S2K146,415,T,H,0.0008894,0.01278,0.002065
S2K146,415,T,I,0.001567,0.01278,0.002065
S2K146,415,T,K,0.000454,0.01278,0.002065
S2K146,415,T,M,0.0004298,0.01278,0.002065
S2K146,415,T,N,0.0009808,0.01278,0.002065
S2K146,415,T,Q,0.001207,0.01278,0.002065
S2K146,415,T,R,0.001249,0.01278,0.002065
S2K146,415,T,S,0.0006631,0.01278,0.002065
S2K146,415,T,V,0.0006262,0.01278,0.002065
S2K146,415,T,Y,0.0004407,0.01278,0.002065
S2K146,417,K,A,0.0004135,0.02155,0.00503
S2K146,417,K,C,0.0004815,0.02155,0.00503
S2K146,417,K,D,0.0004526,0.02155,0.00503
S2K146,417,K,E,0.001155,0.02155,0.00503
S2K146,417,K,F,0.00503,0.02155,0.00503
S2K146,417,K,G,0.0003843,0.02155,0.00503
S2K146,417,K,H,0.0008439,0.02155,0.00503
S2K146,417,K,I,0.001279,0.02155,0.00503
S2K146,417,K,L,0.000418,0.02155,0.00503
S2K146,417,K,M,0.001303,0.02155,0.00503
S2K146,417,K,N,0.00124,0.02155,0.00503
S2K146,417,K,P,0.0009518,0.02155,0.00503
S2K146,417,K,Q,0.000794,0.02155,0.00503
S2K146,417,K,R,0.001102,0.02155,0.00503
S2K146,417,K,S,0.001181,0.02155,0.00503
S2K146,417,K,T,0.0006063,0.02155,0.00503
S2K146,417,K,V,0.001352,0.02155,0.00503
S2K146,417,K,W,0.001771,0.02155,0.00503
S2K146,417,K,Y,0.000788,0.02155,0.00503
S2K146,418,I,V,0.001287,0.001287,0.001287
S2K146,419,A,P,0.0004239,0.001583,0.001159
S2K146,419,A,S,0.001159,0.001583,0.001159
S2K146,420,D,A,0.001077,0.006522,0.001434
S2K146,420,D,E,0.0004662,0.006522,0.001434
S2K146,420,D,K,0.001434,0.006522,0.001434
S2K146,420,D,M,0.000451,0.006522,0.001434
S2K146,420,D,N,0.0004247,0.006522,0.001434
S2K146,420,D,Q,0.0008246,0.006522,0.001434
S2K146,420,D,R,0.000448,0.006522,0.001434
S2K146,420,D,S,0.001396,0.006522,0.001434
S2K146,421,Y,F,0.001102,0.002865,0.001102
S2K146,421,Y,L,0.0008893,0.002865,0.001102
S2K146,421,Y,M,0.0004425,0.002865,0.001102
S2K146,421,Y,W,0.0004311,0.002865,0.001102
S2K146,424,K,H,0.000961,0.003003,0.002042
S2K146,424,K,R,0.002042,0.003003,0.002042
S2K146,425,L,I,0.0005839,0.003162,0.001648
S2K146,425,L,M,0.0009299,0.003162,0.001648
S2K146,425,L,V,0.001648,0.003162,0.001648
S2K146,427,D,A,0.0004266,0.01835,0.001951
S2K146,427,D,E,0.001701,0.01835,0.001951
S2K146,427,D,F,0.001433,0.01835,0.001951
S2K146,427,D,G,0.001109,0.01835,0.001951
S2K146,427,D,H,0.0009746,0.01835,0.001951
S2K146,427,D,I,0.001951,0.01835,0.001951
S2K146,427,D,K,0.0009082,0.01835,0.001951
S2K146,427,D,L,0.001664,0.01835,0.001951
S2K146,427,D,M,0.0004371,0.01835,0.001951
S2K146,427,D,N,0.00121,0.01835,0.001951
S2K146,427,D,P,0.0004697,0.01835,0.001951
S2K146,427,D,Q,0.0008545,0.01835,0.001951
S2K146,427,D,R,0.0006696,0.01835,0.001951
S2K146,427,D,S,0.0006054,0.01835,0.001951
S2K146,427,D,T,0.0006496,0.01835,0.001951
S2K146,427,D,V,0.0005402,0.01835,0.001951
S2K146,427,D,W,0.001486,0.01835,0.001951
S2K146,427,D,Y,0.001262,0.01835,0.001951
S2K146,428,D,A,0.0004454,0.01257,0.00204
S2K146,428,D,E,0.001264,0.01257,0.00204
S2K146,428,D,G,0.001383,0.01257,0.00204
S2K146,428,D,H,0.001143,0.01257,0.00204
S2K146,428,D,K,0.001374,0.01257,0.00204
S2K146,428,D,N,0.0007413,0.01257,0.00204
S2K146,428,D,P,0.0009436,0.01257,0.00204
S2K146,428,D,Q,0.001069,0.01257,0.00204
S2K146,428,D,R,0.00204,0.01257,0.00204
S2K146,428,D,S,0.001109,0.01257,0.00204
S2K146,428,D,T,0.001056,0.01257,0.00204
S2K146,429,F,W,0.001835,0.001835,0.001835
S2K146,430,T,A,0.0007722,0.013,0.001394
S2K146,430,T,C,0.000672,0.013,0.001394
S2K146,430,T,F,0.0004364,0.013,0.001394
S2K146,430,T,H,0.0004447,0.013,0.001394
S2K146,430,T,I,0.001151,0.013,0.001394
S2K146,430,T,K,0.000895,0.013,0.001394
S2K146,430,T,L,0.0005212,0.013,0.001394
S2K146,430,T,M,0.001117,0.013,0.001394
S2K146,430,T,N,0.001148,0.013,0.001394
S2K146,430,T,Q,0.001394,0.013,0.001394
S2K146,430,T,R,0.0009783,0.013,0.001394
S2K146,430,T,S,0.001346,0.013,0.001394
S2K146,430,T,V,0.0008574,0.013,0.001394
S2K146,430,T,W,0.0005104,0.013,0.001394
S2K146,430,T,Y,0.0007528,0.013,0.001394
S2K146,433,V,I,0.0006484,0.0006484,0.0006484
S2K146,434,I,F,0.001388,0.004853,0.001388
S2K146,434,I,L,0.00127,0.004853,0.001388
S2K146,434,I,M,0.0003781,0.004853,0.001388
S2K146,434,I,V,0.0008073,0.004853,0.001388
S2K146,434,I,W,0.0004637,0.004853,0.001388
S2K146,434,I,Y,0.000546,0.004853,0.001388
S2K146,435,A,S,0.001256,0.001675,0.001256
S2K146,435,A,T,0.0004186,0.001675,0.001256
S2K146,437,N,P,0.0004412,0.0004412,0.0004412
S2K146,438,S,A,0.0008034,0.001957,0.001154
S2K146,438,S,T,0.001154,0.001957,0.001154
S2K146,439,N,D,0.0004371,0.01049,0.002188
S2K146,439,N,H,0.0006417,0.01049,0.002188
S2K146,439,N,K,0.0008967,0.01049,0.002188
S2K146,439,N,L,0.0004321,0.01049,0.002188
S2K146,439,N,M,0.001758,0.01049,0.002188
S2K146,439,N,Q,0.001306,0.01049,0.002188
S2K146,439,N,S,0.0002794,0.01049,0.002188
S2K146,439,N,T,0.001919,0.01049,0.002188
S2K146,439,N,V,0.002188,0.01049,0.002188
S2K146,439,N,Y,0.0006289,0.01049,0.002188
S2K146,440,N,A,0.0005361,0.01812,0.001984
S2K146,440,N,C,0.001078,0.01812,0.001984
S2K146,440,N,D,0.0004331,0.01812,0.001984
S2K146,440,N,E,0.0004994,0.01812,0.001984
S2K146,440,N,F,0.0004337,0.01812,0.001984
S2K146,440,N,G,0.0004386,0.01812,0.001984
S2K146,440,N,H,0.000872,0.01812,0.001984
S2K146,440,N,I,0.0009471,0.01812,0.001984
S2K146,440,N,K,0.0008644,0.01812,0.001984
S2K146,440,N,L,0.001368,0.01812,0.001984
S2K146,440,N,M,0.000867,0.01812,0.001984
S2K146,440,N,P,0.001984,0.01812,0.001984
S2K146,440,N,Q,0.0004358,0.01812,0.001984
S2K146,440,N,R,0.001353,0.01812,0.001984
S2K146,440,N,S,0.001451,0.01812,0.001984
S2K146,440,N,T,0.001727,0.01812,0.001984
S2K146,440,N,V,0.001826,0.01812,0.001984
S2K146,440,N,Y,0.001003,0.01812,0.001984
S2K146,441,L,A,0.0004358,0.009702,0.003759
S2K146,441,L,F,0.0009984,0.009702,0.003759
S2K146,441,L,H,0.0008739,0.009702,0.003759
S2K146,441,L,I,0.000434,0.009702,0.003759
S2K146,441,L,Q,0.003759,0.009702,0.003759
S2K146,441,L,R,0.0001073,0.009702,0.003759
S2K146,441,L,S,0.0009008,0.009702,0.003759
S2K146,441,L,V,0.001307,0.009702,0.003759
S2K146,441,L,W,0.0008855,0.009702,0.003759
S2K146,443,S,A,0.001927,0.008301,0.001927
S2K146,443,S,C,0.0009382,0.008301,0.001927
S2K146,443,S,G,0.0007246,0.008301,0.001927
S2K146,443,S,N,0.0008748,0.008301,0.001927
S2K146,443,S,Q,0.001299,0.008301,0.001927
S2K146,443,S,T,0.000822,0.008301,0.001927
S2K146,443,S,V,0.0009293,0.008301,0.001927
S2K146,443,S,Y,0.0007863,0.008301,0.001927
S2K146,444,K,A,0.0004378,0.02094,0.002693
S2K146,444,K,C,0.0009178,0.02094,0.002693
S2K146,444,K,D,0.0005979,0.02094,0.002693
S2K146,444,K,E,0.001078,0.02094,0.002693
S2K146,444,K,F,0.002251,0.02094,0.002693
S2K146,444,K,G,0.0004442,0.02094,0.002693
S2K146,444,K,H,0.001088,0.02094,0.002693
S2K146,444,K,I,0.000865,0.02094,0.002693
S2K146,444,K,L,0.0007032,0.02094,0.002693
S2K146,444,K,M,0.001482,0.02094,0.002693
S2K146,444,K,N,0.001235,0.02094,0.002693
S2K146,444,K,P,0.0008364,0.02094,0.002693
S2K146,444,K,Q,0.002693,0.02094,0.002693
S2K146,444,K,R,0.000497,0.02094,0.002693
S2K146,444,K,S,0.001046,0.02094,0.002693
S2K146,444,K,T,0.001862,0.02094,0.002693
S2K146,444,K,V,0.0004671,0.02094,0.002693
S2K146,444,K,W,0.001603,0.02094,0.002693
S2K146,444,K,Y,0.0008404,0.02094,0.002693
S2K146,445,V,A,0.0004514,0.01782,0.004109
S2K146,445,V,C,0.001069,0.01782,0.004109
S2K146,445,V,D,0.001447,0.01782,0.004109
S2K146,445,V,E,0.0007667,0.01782,0.004109
S2K146,445,V,F,0.0004387,0.01782,0.004109
S2K146,445,V,G,0.0008521,0.01782,0.004109
S2K146,445,V,H,0.0005885,0.01782,0.004109
S2K146,445,V,I,0.0006088,0.01782,0.004109
S2K146,445,V,K,0.0007743,0.01782,0.004109
S2K146,445,V,L,0.0006602,0.01782,0.004109
S2K146,445,V,M,0.004109,0.01782,0.004109
S2K146,445,V,N,0.0006714,0.01782,0.004109
S2K146,445,V,P,0.0004434,0.01782,0.004109
S2K146,445,V,Q,0.0009265,0.01782,0.004109
S2K146,445,V,R,0.001568,0.01782,0.004109
S2K146,445,V,S,0.0006827,0.01782,0.004109
S2K146,445,V,T,0.0004399,0.01782,0.004109
S2K146,445,V,W,0.000666,0.01782,0.004109
S2K146,445,V,Y,0.000661,0.01782,0.004109
S2K146,446,G,A,0.002347,0.01785,0.002347
S2K146,446,G,C,0.001381,0.01785,0.002347
S2K146,446,G,D,0.0004302,0.01785,0.002347
S2K146,446,G,E,0.001254,0.01785,0.002347
S2K146,446,G,F,0.0004389,0.01785,0.002347
S2K146,446,G,H,0.001782,0.01785,0.002347
S2K146,446,G,I,0.000709,0.01785,0.002347
S2K146,446,G,K,0.0006372,0.01785,0.002347
S2K146,446,G,L,0.0007442,0.01785,0.002347
S2K146,446,G,M,0.0005287,0.01785,0.002347
S2K146,446,G,N,0.0004678,0.01785,0.002347
S2K146,446,G,P,0.000526,0.01785,0.002347
S2K146,446,G,Q,0.0008932,0.01785,0.002347
S2K146,446,G,R,0.001618,0.01785,0.002347
S2K146,446,G,S,0.0009293,0.01785,0.002347
S2K146,446,G,T,0.000438,0.01785,0.002347
S2K146,446,G,V,0.0004682,0.01785,0.002347
S2K146,446,G,W,0.000434,0.01785,0.002347
S2K146,446,G,Y,0.001824,0.01785,0.002347
S2K146,447,G,A,0.001691,0.04536,0.01763
S2K146,447,G,C,0.002299,0.04536,0.01763
S2K146,447,G,D,0.001032,0.04536,0.01763
S2K146,447,G,E,0.0009055,0.04536,0.01763
S2K146,447,G,F,0.001854,0.04536,0.01763
S2K146,447,G,H,0.0006023,0.04536,0.01763
S2K146,447,G,I,0.001469,0.04536,0.01763
S2K146,447,G,K,0.01763,0.04536,0.01763
S2K146,447,G,L,0.001284,0.04536,0.01763
S2K146,447,G,M,0.0009647,0.04536,0.01763
S2K146,447,G,N,0.0007142,0.04536,0.01763
S2K146,447,G,P,0.001059,0.04536,0.01763
S2K146,447,G,Q,0.0004385,0.04536,0.01763
S2K146,447,G,R,0.002179,0.04536,0.01763
S2K146,447,G,S,0.0004559,0.04536,0.01763
S2K146,447,G,T,0.008047,0.04536,0.01763
S2K146,447,G,V,0.00158,0.04536,0.01763
S2K146,447,G,Y,0.001151,0.04536,0.01763
S2K146,448,N,A,0.003198,0.06803,0.02835
S2K146,448,N,C,0.0009973,0.06803,0.02835
S2K146,448,N,D,0.02835,0.06803,0.02835
S2K146,448,N,E,0.0009357,0.06803,0.02835
S2K146,448,N,G,0.0004476,0.06803,0.02835
S2K146,448,N,H,0.001126,0.06803,0.02835
S2K146,448,N,K,0.004595,0.06803,0.02835
S2K146,448,N,P,0.001389,0.06803,0.02835
S2K146,448,N,Q,0.0008299,0.06803,0.02835
S2K146,448,N,R,0.0007547,0.06803,0.02835
S2K146,448,N,S,0.0006491,0.06803,0.02835
S2K146,448,N,T,0.0008353,0.06803,0.02835
S2K146,448,N,V,0.0006357,0.06803,0.02835
S2K146,448,N,Y,0.02329,0.06803,0.02835
S2K146,449,Y,A,0.00114,0.02019,0.002009
S2K146,449,Y,C,0.00113,0.02019,0.002009
S2K146,449,Y,D,0.0005875,0.02019,0.002009
S2K146,449,Y,E,0.0006955,0.02019,0.002009
S2K146,449,Y,F,0.001558,0.02019,0.002009
S2K146,449,Y,G,0.0004359,0.02019,0.002009
S2K146,449,Y,H,0.0005709,0.02019,0.002009
S2K146,449,Y,I,0.0009831,0.02019,0.002009
S2K146,449,Y,K,0.0004728,0.02019,0.002009
S2K146,449,Y,L,0.001075,0.02019,0.002009
S2K146,449,Y,M,0.0008531,0.02019,0.002009
S2K146,449,Y,N,0.001309,0.02019,0.002009
S2K146,449,Y,P,0.0004304,0.02019,0.002009
S2K146,449,Y,Q,0.001404,0.02019,0.002009
S2K146,449,Y,R,0.0006838,0.02019,0.002009
S2K146,449,Y,S,0.001743,0.02019,0.002009
S2K146,449,Y,T,0.002009,0.02019,0.002009
S2K146,449,Y,V,0.00191,0.02019,0.002009
S2K146,449,Y,W,0.001201,0.02019,0.002009
S2K146,450,N,A,0.0004183,0.02109,0.002677
S2K146,450,N,C,0.001745,0.02109,0.002677
S2K146,450,N,D,0.0004306,0.02109,0.002677
S2K146,450,N,E,0.002677,0.02109,0.002677
S2K146,450,N,F,0.001137,0.02109,0.002677
S2K146,450,N,G,0.0009705,0.02109,0.002677
S2K146,450,N,H,0.0005723,0.02109,0.002677
S2K146,450,N,I,0.002299,0.02109,0.002677
S2K146,450,N,K,0.0007986,0.02109,0.002677
S2K146,450,N,L,0.001087,0.02109,0.002677
S2K146,450,N,M,0.0007794,0.02109,0.002677
S2K146,450,N,P,0.0008327,0.02109,0.002677
S2K146,450,N,Q,0.00112,0.02109,0.002677
S2K146,450,N,R,0.001679,0.02109,0.002677
S2K146,450,N,S,0.001306,0.02109,0.002677
S2K146,450,N,T,0.001136,0.02109,0.002677
S2K146,450,N,V,0.0004341,0.02109,0.002677
S2K146,450,N,W,0.0006996,0.02109,0.002677
S2K146,450,N,Y,0.0009701,0.02109,0.002677
S2K146,451,Y,F,0.001151,0.00711,0.001806
S2K146,451,Y,H,0.0009154,0.00711,0.001806
S2K146,451,Y,I,0.001806,0.00711,0.001806
S2K146,451,Y,L,0.0008197,0.00711,0.001806
S2K146,451,Y,M,0.0008743,0.00711,0.001806
S2K146,451,Y,Q,0.001544,0.00711,0.001806
S2K146,452,L,A,0.00144,0.01803,0.004611
S2K146,452,L,C,0.001016,0.01803,0.004611
S2K146,452,L,D,0.000435,0.01803,0.004611
S2K146,452,L,E,0.001088,0.01803,0.004611
S2K146,452,L,F,0.001044,0.01803,0.004611
S2K146,452,L,G,0.0004361,0.01803,0.004611
S2K146,452,L,H,0.0004382,0.01803,0.004611
S2K146,452,L,I,0.0004334,0.01803,0.004611
S2K146,452,L,K,0.000133,0.01803,0.004611
S2K146,452,L,M,0.002172,0.01803,0.004611
S2K146,452,L,N,0.0004073,0.01803,0.004611
S2K146,452,L,Q,0.0004379,0.01803,0.004611
S2K146,452,L,R,0.001186,0.01803,0.004611
S2K146,452,L,S,0.0003546,0.01803,0.004611
S2K146,452,L,T,0.0004352,0.01803,0.004611
S2K146,452,L,V,0.000804,0.01803,0.004611
S2K146,452,L,W,0.004611,0.01803,0.004611
S2K146,452,L,Y,0.001156,0.01803,0.004611
S2K146,453,Y,A,0.001241,0.01756,0.007417
S2K146,453,Y,F,0.002139,0.01756,0.007417
S2K146,453,Y,H,0.00123,0.01756,0.007417
S2K146,453,Y,K,0.001613,0.01756,0.007417
S2K146,453,Y,M,0.0004461,0.01756,0.007417
S2K146,453,Y,R,0.001547,0.01756,0.007417
S2K146,453,Y,S,0.001926,0.01756,0.007417
S2K146,453,Y,V,0.007417,0.01756,0.007417
S2K146,455,L,A,0.0005974,0.01715,0.005205
S2K146,455,L,C,0.001407,0.01715,0.005205
S2K146,455,L,E,0.0005405,0.01715,0.005205
S2K146,455,L,F,0.0007217,0.01715,0.005205
S2K146,455,L,G,0.001055,0.01715,0.005205
S2K146,455,L,H,0.0007594,0.01715,0.005205
S2K146,455,L,I,0.001355,0.01715,0.005205
S2K146,455,L,M,0.005205,0.01715,0.005205
S2K146,455,L,N,0.002002,0.01715,0.005205
S2K146,455,L,P,0.0004262,0.01715,0.005205
S2K146,455,L,R,0.0004427,0.01715,0.005205
S2K146,455,L,S,0.0004334,0.01715,0.005205
S2K146,455,L,T,0.0004342,0.01715,0.005205
S2K146,455,L,V,0.0004405,0.01715,0.005205
S2K146,455,L,W,0.0004365,0.01715,0.005205
S2K146,455,L,Y,0.0008911,0.01715,0.005205
S2K146,456,F,A,0.2193,0.3582,0.2193
S2K146,456,F,C,0.0004752,0.3582,0.2193
S2K146,456,F,G,0.001692,0.3582,0.2193
S2K146,456,F,H,0.0008947,0.3582,0.2193
S2K146,456,F,I,0.007081,0.3582,0.2193
S2K146,456,F,K,0.1086,0.3582,0.2193
S2K146,456,F,L,0.001005,0.3582,0.2193
S2K146,456,F,Q,0.002593,0.3582,0.2193
S2K146,456,F,R,0.007641,0.3582,0.2193
S2K146,456,F,T,0.005561,0.3582,0.2193
S2K146,456,F,V,0.001885,0.3582,0.2193
S2K146,456,F,W,0.0008947,0.3582,0.2193
S2K146,456,F,Y,0.0006159,0.3582,0.2193
S2K146,458,K,A,0.0004234,0.01344,0.001198
S2K146,458,K,D,0.001114,0.01344,0.001198
S2K146,458,K,E,0.000435,0.01344,0.001198
S2K146,458,K,F,0.0006879,0.01344,0.001198
S2K146,458,K,G,0.0008174,0.01344,0.001198
S2K146,458,K,H,0.0009052,0.01344,0.001198
S2K146,458,K,I,0.001101,0.01344,0.001198
S2K146,458,K,L,0.001198,0.01344,0.001198
S2K146,458,K,M,0.0007063,0.01344,0.001198
S2K146,458,K,N,0.0008433,0.01344,0.001198
S2K146,458,K,P,0.001154,0.01344,0.001198
S2K146,458,K,Q,0.0004285,0.01344,0.001198
S2K146,458,K,R,0.0006743,0.01344,0.001198
S2K146,458,K,S,0.0004651,0.01344,0.001198
S2K146,458,K,T,0.000958,0.01344,0.001198
S2K146,458,K,V,0.0004983,0.01344,0.001198
S2K146,458,K,W,0.0005895,0.01344,0.001198
S2K146,458,K,Y,0.0004443,0.01344,0.001198
S2K146,459,S,A,0.0004523,0.01845,0.002207
S2K146,459,S,C,0.001079,0.01845,0.002207
S2K146,459,S,D,0.001007,0.01845,0.002207
S2K146,459,S,E,0.001312,0.01845,0.002207
S2K146,459,S,F,0.000756,0.01845,0.002207
S2K146,459,S,G,0.0004315,0.01845,0.002207
S2K146,459,S,H,0.0009928,0.01845,0.002207
S2K146,459,S,I,0.0006161,0.01845,0.002207
S2K146,459,S,K,0.0008054,0.01845,0.002207
S2K146,459,S,L,0.00152,0.01845,0.002207
S2K146,459,S,M,0.0004277,0.01845,0.002207
S2K146,459,S,N,0.002207,0.01845,0.002207
S2K146,459,S,P,0.00175,0.01845,0.002207
S2K146,459,S,Q,0.0007994,0.01845,0.002207
S2K146,459,S,R,0.0005101,0.01845,0.002207
S2K146,459,S,T,0.001308,0.01845,0.002207
S2K146,459,S,V,0.000833,0.01845,0.002207
S2K146,459,S,Y,0.001647,0.01845,0.002207
S2K146,460,N,A,0.0007092,0.01251,0.001432
S2K146,460,N,C,0.001289,0.01251,0.001432
S2K146,460,N,D,0.001432,0.01251,0.001432
S2K146,460,N,E,0.0007827,0.01251,0.001432
S2K146,460,N,F,0.0004385,0.01251,0.001432
S2K146,460,N,G,0.0003706,0.01251,0.001432
S2K146,460,N,H,0.0009203,0.01251,0.001432
S2K146,460,N,I,0.0004351,0.01251,0.001432
S2K146,460,N,K,0.0006975,0.01251,0.001432
S2K146,460,N,L,0.0007772,0.01251,0.001432
S2K146,460,N,M,0.0008476,0.01251,0.001432
S2K146,460,N,P,0.0006361,0.01251,0.001432
S2K146,460,N,Q,0.0004387,0.01251,0.001432
S2K146,460,N,R,0.0003731,0.01251,0.001432
S2K146,460,N,S,0.0004481,0.01251,0.001432
S2K146,460,N,T,0.000595,0.01251,0.001432
S2K146,460,N,V,0.0004381,0.01251,0.001432
S2K146,460,N,Y,0.0008843,0.01251,0.001432
S2K146,461,L,I,0.001042,0.002982,0.001042
S2K146,461,L,M,0.0009446,0.002982,0.001042
S2K146,461,L,V,0.0009957,0.002982,0.001042
S2K146,462,K,A,0.000529,0.02399,0.00609
S2K146,462,K,C,0.003322,0.02399,0.00609
S2K146,462,K,D,0.0004809,0.02399,0.00609
S2K146,462,K,E,0.001189,0.02399,0.00609
S2K146,462,K,F,0.0009096,0.02399,0.00609
S2K146,462,K,G,0.0004386,0.02399,0.00609
S2K146,462,K,H,0.0006335,0.02399,0.00609
S2K146,462,K,I,0.0004361,0.02399,0.00609
S2K146,462,K,L,0.001583,0.02399,0.00609
S2K146,462,K,M,0.0004377,0.02399,0.00609
S2K146,462,K,N,0.001052,0.02399,0.00609
S2K146,462,K,Q,0.0004346,0.02399,0.00609
S2K146,462,K,R,0.00609,0.02399,0.00609
S2K146,462,K,S,0.001035,0.02399,0.00609
S2K146,462,K,T,0.0009678,0.02399,0.00609
S2K146,462,K,V,0.002269,0.02399,0.00609
S2K146,462,K,Y,0.00218,0.02399,0.00609
S2K146,463,P,A,0.0004331,0.0004331,0.0004331
S2K146,464,F,A,0.001182,0.0105,0.002484
S2K146,464,F,G,0.0004363,0.0105,0.002484
S2K146,464,F,H,0.002484,0.0105,0.002484
S2K146,464,F,L,0.001253,0.0105,0.002484
S2K146,464,F,M,0.000856,0.0105,0.002484
S2K146,464,F,N,0.001589,0.0105,0.002484
S2K146,464,F,Q,0.0004357,0.0105,0.002484
S2K146,464,F,S,0.000515,0.0105,0.002484
S2K146,464,F,W,0.001012,0.0105,0.002484
S2K146,464,F,Y,0.0007338,0.0105,0.002484
S2K146,465,E,D,0.0006281,0.004083,0.001848
S2K146,465,E,G,0.000933,0.004083,0.001848
S2K146,465,E,H,0.001848,0.004083,0.001848
S2K146,465,E,Q,0.0006738,0.004083,0.001848
S2K146,466,R,H,0.0006191,0.002056,0.001005
S2K146,466,R,K,0.001005,0.002056,0.001005
S2K146,466,R,Q,0.0004325,0.002056,0.001005
S2K146,468,I,A,0.0008404,0.01997,0.003693
S2K146,468,I,C,0.0004385,0.01997,0.003693
S2K146,468,I,D,0.0005165,0.01997,0.003693
S2K146,468,I,E,0.0004624,0.01997,0.003693
S2K146,468,I,G,0.0004262,0.01997,0.003693
S2K146,468,I,H,0.003686,0.01997,0.003693
S2K146,468,I,K,0.001396,0.01997,0.003693
S2K146,468,I,L,0.001135,0.01997,0.003693
S2K146,468,I,M,0.0004601,0.01997,0.003693
S2K146,468,I,N,0.001145,0.01997,0.003693
S2K146,468,I,P,0.001002,0.01997,0.003693
S2K146,468,I,Q,0.001528,0.01997,0.003693
S2K146,468,I,R,0.0009351,0.01997,0.003693
S2K146,468,I,S,0.003693,0.01997,0.003693
S2K146,468,I,T,0.0004283,0.01997,0.003693
S2K146,468,I,V,0.0007138,0.01997,0.003693
S2K146,468,I,Y,0.001165,0.01997,0.003693
S2K146,469,S,A,0.0008255,0.007259,0.001496
S2K146,469,S,C,0.001496,0.007259,0.001496
S2K146,469,S,D,0.0004356,0.007259,0.001496
S2K146,469,S,E,0.0008356,0.007259,0.001496
S2K146,469,S,G,0.0005647,0.007259,0.001496
S2K146,469,S,K,0.0004494,0.007259,0.001496
S2K146,469,S,N,0.0004353,0.007259,0.001496
S2K146,469,S,Q,0.000436,0.007259,0.001496
S2K146,469,S,R,0.0009592,0.007259,0.001496
S2K146,469,S,T,0.0008224,0.007259,0.001496
S2K146,470,T,A,0.001199,0.01838,0.002648
S2K146,470,T,C,0.001173,0.01838,0.002648
S2K146,470,T,D,0.0004257,0.01838,0.002648
S2K146,470,T,E,0.0004476,0.01838,0.002648
S2K146,470,T,F,0.0008657,0.01838,0.002648
S2K146,470,T,G,0.000835,0.01838,0.002648
S2K146,470,T,H,0.0005825,0.01838,0.002648
S2K146,470,T,I,0.0006362,0.01838,0.002648
S2K146,470,T,K,0.001725,0.01838,0.002648
S2K146,470,T,L,0.001385,0.01838,0.002648
S2K146,470,T,M,0.0006047,0.01838,0.002648
S2K146,470,T,N,0.001029,0.01838,0.002648
S2K146,470,T,Q,0.002092,0.01838,0.002648
S2K146,470,T,R,0.002648,0.01838,0.002648
S2K146,470,T,S,0.0006593,0.01838,0.002648
S2K146,470,T,V,0.00171,0.01838,0.002648
S2K146,470,T,Y,0.0003637,0.01838,0.002648
S2K146,471,E,A,0.0004429,0.02549,0.007024
S2K146,471,E,C,0.0008513,0.02549,0.007024
S2K146,471,E,D,0.002748,0.02549,0.007024
S2K146,471,E,F,0.0006053,0.02549,0.007024
S2K146,471,E,G,0.000865,0.02549,0.007024
S2K146,471,E,H,0.0007297,0.02549,0.007024
S2K146,471,E,I,0.001216,0.02549,0.007024
S2K146,471,E,K,0.001755,0.02549,0.007024
S2K146,471,E,L,0.001124,0.02549,0.007024
S2K146,471,E,M,0.0004331,0.02549,0.007024
S2K146,471,E,N,0.00179,0.02549,0.007024
S2K146,471,E,P,0.007024,0.02549,0.007024
S2K146,471,E,Q,0.000443,0.02549,0.007024
S2K146,471,E,R,0.001986,0.02549,0.007024
S2K146,471,E,S,0.0008365,0.02549,0.007024
S2K146,471,E,T,0.001151,0.02549,0.007024
S2K146,471,E,V,0.0004744,0.02549,0.007024
S2K146,471,E,Y,0.001013,0.02549,0.007024
S2K146,472,I,A,0.0005923,0.06558,0.02322
S2K146,472,I,C,0.001065,0.06558,0.02322
S2K146,472,I,D,0.01438,0.06558,0.02322
S2K146,472,I,E,0.003352,0.06558,0.02322
S2K146,472,I,F,0.001393,0.06558,0.02322
S2K146,472,I,G,0.009899,0.06558,0.02322
S2K146,472,I,H,0.0005051,0.06558,0.02322
S2K146,472,I,K,0.02322,0.06558,0.02322
S2K146,472,I,L,0.001367,0.06558,0.02322
S2K146,472,I,M,0.001324,0.06558,0.02322
S2K146,472,I,N,0.001125,0.06558,0.02322
S2K146,472,I,P,0.000857,0.06558,0.02322
S2K146,472,I,Q,0.00161,0.06558,0.02322
S2K146,472,I,S,0.001886,0.06558,0.02322
S2K146,472,I,T,0.0004283,0.06558,0.02322
S2K146,472,I,V,0.0005205,0.06558,0.02322
S2K146,472,I,W,0.001595,0.06558,0.02322
S2K146,472,I,Y,0.0004529,0.06558,0.02322
S2K146,473,Y,A,0.003079,0.08554,0.04315
S2K146,473,Y,C,0.04315,0.08554,0.04315
S2K146,473,Y,E,0.004307,0.08554,0.04315
S2K146,473,Y,F,0.0009536,0.08554,0.04315
S2K146,473,Y,H,0.0006715,0.08554,0.04315
S2K146,473,Y,I,0.0003756,0.08554,0.04315
S2K146,473,Y,L,0.0004973,0.08554,0.04315
S2K146,473,Y,M,0.007539,0.08554,0.04315
S2K146,473,Y,N,0.008714,0.08554,0.04315
S2K146,473,Y,Q,0.01039,0.08554,0.04315
S2K146,473,Y,S,0.003633,0.08554,0.04315
S2K146,473,Y,T,0.0004533,0.08554,0.04315
S2K146,473,Y,V,0.0004456,0.08554,0.04315
S2K146,473,Y,W,0.001328,0.08554,0.04315
S2K146,474,Q,A,0.0008667,0.01462,0.002355
S2K146,474,Q,D,0.0006368,0.01462,0.002355
S2K146,474,Q,E,0.002151,0.01462,0.002355
S2K146,474,Q,G,0.0009552,0.01462,0.002355
S2K146,474,Q,H,0.0004339,0.01462,0.002355
S2K146,474,Q,K,0.001567,0.01462,0.002355
S2K146,474,Q,M,0.0004306,0.01462,0.002355
S2K146,474,Q,N,0.001602,0.01462,0.002355
S2K146,474,Q,P,0.0006955,0.01462,0.002355
S2K146,474,Q,R,0.001797,0.01462,0.002355
S2K146,474,Q,S,0.0006902,0.01462,0.002355
S2K146,474,Q,T,0.002355,0.01462,0.002355
S2K146,474,Q,V,0.0004345,0.01462,0.002355
S2K146,475,A,C,0.001695,0.5192,0.4957
S2K146,475,A,D,0.003358,0.5192,0.4957
S2K146,475,A,E,0.001535,0.5192,0.4957
S2K146,475,A,F,0.003008,0.5192,0.4957
S2K146,475,A,G,0.0004322,0.5192,0.4957
S2K146,475,A,I,0.001144,0.5192,0.4957
S2K146,475,A,K,0.002444,0.5192,0.4957
S2K146,475,A,L,0.0007484,0.5192,0.4957
S2K146,475,A,M,0.0004369,0.5192,0.4957
S2K146,475,A,N,0.4957,0.5192,0.4957
S2K146,475,A,Q,0.0008778,0.5192,0.4957
S2K146,475,A,R,0.00283,0.5192,0.4957
S2K146,475,A,S,0.001589,0.5192,0.4957
S2K146,475,A,T,0.002532,0.5192,0.4957
S2K146,475,A,V,0.0004361,0.5192,0.4957
S2K146,475,A,Y,0.0004577,0.5192,0.4957
S2K146,476,G,A,0.0005504,0.04777,0.03344
S2K146,476,G,D,0.001942,0.04777,0.03344
S2K146,476,G,E,0.001573,0.04777,0.03344
S2K146,476,G,H,0.0006178,0.04777,0.03344
S2K146,476,G,K,0.002922,0.04777,0.03344
S2K146,476,G,N,0.03344,0.04777,0.03344
S2K146,476,G,Q,0.001926,0.04777,0.03344
S2K146,476,G,R,0.000932,0.04777,0.03344
S2K146,476,G,S,0.001659,0.04777,0.03344
S2K146,476,G,T,0.002204,0.04777,0.03344
S2K146,477,S,A,0.0006944,0.01525,0.002427
S2K146,477,S,C,0.00126,0.01525,0.002427
S2K146,477,S,D,0.001192,0.01525,0.002427
S2K146,477,S,F,0.0005327,0.01525,0.002427
S2K146,477,S,G,0.0007331,0.01525,0.002427
S2K146,477,S,H,5.398e-05,0.01525,0.002427
S2K146,477,S,I,0.001892,0.01525,0.002427
S2K146,477,S,L,0.000921,0.01525,0.002427
S2K146,477,S,N,0.0004413,0.01525,0.002427
S2K146,477,S,P,0.0007893,0.01525,0.002427
S2K146,477,S,Q,0.0006118,0.01525,0.002427
S2K146,477,S,R,0.0005659,0.01525,0.002427
S2K146,477,S,T,0.002427,0.01525,0.002427
S2K146,477,S,V,0.001249,0.01525,0.002427
S2K146,477,S,W,0.0006936,0.01525,0.002427
S2K146,477,S,Y,0.001193,0.01525,0.002427
S2K146,478,T,A,0.0004292,0.01505,0.001782
S2K146,478,T,C,0.00109,0.01505,0.001782
S2K146,478,T,D,0.0004489,0.01505,0.001782
S2K146,478,T,E,0.0004429,0.01505,0.001782
S2K146,478,T,F,0.0006623,0.01505,0.001782
S2K146,478,T,G,0.0004385,0.01505,0.001782
S2K146,478,T,H,0.0004379,0.01505,0.001782
S2K146,478,T,I,0.001671,0.01505,0.001782
S2K146,478,T,K,0.0004395,0.01505,0.001782
S2K146,478,T,L,0.0006139,0.01505,0.001782
S2K146,478,T,M,0.001132,0.01505,0.001782
S2K146,478,T,N,0.0004291,0.01505,0.001782
S2K146,478,T,P,0.0005597,0.01505,0.001782
S2K146,478,T,Q,0.001782,0.01505,0.001782
S2K146,478,T,R,0.0004198,0.01505,0.001782
S2K146,478,T,S,0.0004155,0.01505,0.001782
S2K146,478,T,V,0.0009658,0.01505,0.001782
S2K146,478,T,W,0.001006,0.01505,0.001782
S2K146,478,T,Y,0.001661,0.01505,0.001782
S2K146,479,P,A,0.0006641,0.02519,0.008842
S2K146,479,P,C,0.0004362,0.02519,0.008842
S2K146,479,P,D,0.001226,0.02519,0.008842
S2K146,479,P,E,0.00149,0.02519,0.008842
S2K146,479,P,F,0.001923,0.02519,0.008842
S2K146,479,P,G,0.0008497,0.02519,0.008842
S2K146,479,P,H,0.000936,0.02519,0.008842
S2K146,479,P,I,0.0006627,0.02519,0.008842
S2K146,479,P,K,0.0003725,0.02519,0.008842
S2K146,479,P,L,0.008842,0.02519,0.008842
S2K146,479,P,M,0.001108,0.02519,0.008842
S2K146,479,P,N,0.000801,0.02519,0.008842
S2K146,479,P,Q,0.0008972,0.02519,0.008842
S2K146,479,P,R,0.0004287,0.02519,0.008842
S2K146,479,P,S,0.001213,0.02519,0.008842
S2K146,479,P,T,0.0003921,0.02519,0.008842
S2K146,479,P,V,0.001154,0.02519,0.008842
S2K146,479,P,Y,0.001796,0.02519,0.008842
S2K146,481,N,A,0.0004357,0.01827,0.002529
S2K146,481,N,C,0.0007721,0.01827,0.002529
S2K146,481,N,D,0.0006116,0.01827,0.002529
S2K146,481,N,E,0.0004816,0.01827,0.002529
S2K146,481,N,F,0.001848,0.01827,0.002529
S2K146,481,N,G,0.0004373,0.01827,0.002529
S2K146,481,N,H,0.0004398,0.01827,0.002529
S2K146,481,N,I,0.0007515,0.01827,0.002529
S2K146,481,N,K,0.001584,0.01827,0.002529
S2K146,481,N,L,0.002529,0.01827,0.002529
S2K146,481,N,M,0.0009489,0.01827,0.002529
S2K146,481,N,P,0.000589,0.01827,0.002529
S2K146,481,N,Q,0.0004425,0.01827,0.002529
S2K146,481,N,R,0.0009142,0.01827,0.002529
S2K146,481,N,S,0.0007068,0.01827,0.002529
S2K146,481,N,T,0.0006627,0.01827,0.002529
S2K146,481,N,V,0.00189,0.01827,0.002529
S2K146,481,N,Y,0.002222,0.01827,0.002529
S2K146,482,G,A,0.0005161,0.01342,0.001987
S2K146,482,G,C,0.0008077,0.01342,0.001987
S2K146,482,G,D,0.0006387,0.01342,0.001987
S2K146,482,G,F,0.001511,0.01342,0.001987
S2K146,482,G,H,0.0008395,0.01342,0.001987
S2K146,482,G,K,0.0004406,0.01342,0.001987
S2K146,482,G,L,0.001294,0.01342,0.001987
S2K146,482,G,N,0.001339,0.01342,0.001987
S2K146,482,G,P,0.001987,0.01342,0.001987
S2K146,482,G,Q,0.0004302,0.01342,0.001987
S2K146,482,G,R,0.0009864,0.01342,0.001987
S2K146,482,G,S,0.0008377,0.01342,0.001987
S2K146,482,G,T,0.001005,0.01342,0.001987
S2K146,482,G,Y,0.0007918,0.01342,0.001987
S2K146,483,V,A,0.005597,0.02059,0.005597
S2K146,483,V,C,0.001076,0.02059,0.005597
S2K146,483,V,D,0.000662,0.02059,0.005597
S2K146,483,V,E,0.0004345,0.02059,0.005597
S2K146,483,V,F,0.001144,0.02059,0.005597
S2K146,483,V,G,0.001446,0.02059,0.005597
S2K146,483,V,H,0.0004395,0.02059,0.005597
S2K146,483,V,I,0.0005368,0.02059,0.005597
S2K146,483,V,K,0.00332,0.02059,0.005597
S2K146,483,V,L,0.0004886,0.02059,0.005597
S2K146,483,V,M,0.0009595,0.02059,0.005597
S2K146,483,V,N,0.0006759,0.02059,0.005597
S2K146,483,V,Q,0.0007566,0.02059,0.005597
S2K146,483,V,R,0.0004393,0.02059,0.005597
S2K146,483,V,S,0.0009049,0.02059,0.005597
S2K146,483,V,T,0.0007058,0.02059,0.005597
S2K146,483,V,W,0.000493,0.02059,0.005597
S2K146,483,V,Y,0.0005154,0.02059,0.005597
S2K146,484,E,A,0.002153,0.9032,0.472
S2K146,484,E,C,0.001334,0.9032,0.472
S2K146,484,E,D,0.001124,0.9032,0.472
S2K146,484,E,F,0.472,0.9032,0.472
S2K146,484,E,G,0.0004335,0.9032,0.472
S2K146,484,E,H,0.01456,0.9032,0.472
S2K146,484,E,I,0.04068,0.9032,0.472
S2K146,484,E,K,0.001537,0.9032,0.472
S2K146,484,E,L,0.0351,0.9032,0.472
S2K146,484,E,M,0.001136,0.9032,0.472
S2K146,484,E,N,0.0004862,0.9032,0.472
S2K146,484,E,P,0.003154,0.9032,0.472
S2K146,484,E,Q,0.0004746,0.9032,0.472
S2K146,484,E,R,0.001369,0.9032,0.472
S2K146,484,E,S,0.0007439,0.9032,0.472
S2K146,484,E,T,0.0004356,0.9032,0.472
S2K146,484,E,V,0.02844,0.9032,0.472
S2K146,484,E,W,0.002537,0.9032,0.472
S2K146,484,E,Y,0.2955,0.9032,0.472
S2K146,485,G,A,0.0007121,0.02569,0.009346
S2K146,485,G,C,0.002901,0.02569,0.009346
S2K146,485,G,D,0.00128,0.02569,0.009346
S2K146,485,G,E,0.0009092,0.02569,0.009346
S2K146,485,G,H,0.0006766,0.02569,0.009346
S2K146,485,G,K,0.0004213,0.02569,0.009346
S2K146,485,G,M,0.0004339,0.02569,0.009346
S2K146,485,G,N,0.002178,0.02569,0.009346
S2K146,485,G,P,0.009346,0.02569,0.009346
S2K146,485,G,Q,0.0008643,0.02569,0.009346
S2K146,485,G,R,0.003302,0.02569,0.009346
S2K146,485,G,S,0.001506,0.02569,0.009346
S2K146,485,G,T,0.001156,0.02569,0.009346
S2K146,486,F,A,0.002756,1.82,0.9759
S2K146,486,F,C,0.00706,1.82,0.9759
S2K146,486,F,D,0.9759,1.82,0.9759
S2K146,486,F,E,0.7473,1.82,0.9759
S2K146,486,F,G,0.03289,1.82,0.9759
S2K146,486,F,H,0.002659,1.82,0.9759
S2K146,486,F,I,0.002327,1.82,0.9759
S2K146,486,F,K,0.0005567,1.82,0.9759
S2K146,486,F,L,0.0007616,1.82,0.9759
S2K146,486,F,M,0.0004619,1.82,0.9759
S2K146,486,F,N,0.002844,1.82,0.9759
S2K146,486,F,P,0.01325,1.82,0.9759
S2K146,486,F,Q,0.0008409,1.82,0.9759
S2K146,486,F,R,0.00124,1.82,0.9759
S2K146,486,F,S,0.001903,1.82,0.9759
S2K146,486,F,T,0.01379,1.82,0.9759
S2K146,486,F,V,0.009459,1.82,0.9759
S2K146,486,F,W,0.0005743,1.82,0.9759
S2K146,486,F,Y,0.003304,1.82,0.9759
S2K146,487,N,A,0.0004289,1.555,0.7942
S2K146,487,N,D,0.02883,1.555,0.7942
S2K146,487,N,E,0.1023,1.555,0.7942
S2K146,487,N,F,0.7942,1.555,0.7942
S2K146,487,N,G,0.0009654,1.555,0.7942
S2K146,487,N,H,0.003757,1.555,0.7942
S2K146,487,N,K,0.002918,1.555,0.7942
S2K146,487,N,L,0.001013,1.555,0.7942
S2K146,487,N,M,0.0007022,1.555,0.7942
S2K146,487,N,Q,0.0004366,1.555,0.7942
S2K146,487,N,R,0.04494,1.555,0.7942
S2K146,487,N,S,0.001705,1.555,0.7942
S2K146,487,N,T,0.0009028,1.555,0.7942
S2K146,487,N,Y,0.5722,1.555,0.7942
S2K146,489,Y,F,0.0004657,4.224,0.8864
S2K146,489,Y,H,0.7391,4.224,0.8864
S2K146,489,Y,I,0.8747,4.224,0.8864
S2K146,489,Y,L,0.8864,4.224,0.8864
S2K146,489,Y,M,0.03776,4.224,0.8864
S2K146,489,Y,Q,0.8204,4.224,0.8864
S2K146,489,Y,V,0.8646,4.224,0.8864
S2K146,489,Y,W,0.0009217,4.224,0.8864
S2K146,490,F,A,0.0006513,0.01952,0.001978
S2K146,490,F,C,0.0004539,0.01952,0.001978
S2K146,490,F,D,0.0004248,0.01952,0.001978
S2K146,490,F,E,0.0004639,0.01952,0.001978
S2K146,490,F,G,0.0006121,0.01952,0.001978
S2K146,490,F,H,0.001305,0.01952,0.001978
S2K146,490,F,I,0.00171,0.01952,0.001978
S2K146,490,F,K,0.001978,0.01952,0.001978
S2K146,490,F,L,0.001119,0.01952,0.001978
S2K146,490,F,M,0.001586,0.01952,0.001978
S2K146,490,F,N,0.0008438,0.01952,0.001978
S2K146,490,F,P,0.0009814,0.01952,0.001978
S2K146,490,F,Q,0.001326,0.01952,0.001978
S2K146,490,F,R,0.001327,0.01952,0.001978
S2K146,490,F,S,0.0007103,0.01952,0.001978
S2K146,490,F,T,0.001474,0.01952,0.001978
S2K146,490,F,V,0.001077,0.01952,0.001978
S2K146,490,F,W,0.001051,0.01952,0.001978
S2K146,490,F,Y,0.000425,0.01952,0.001978
S2K146,492,L,F,0.0007897,0.001667,0.0007897
S2K146,492,L,I,0.0004412,0.001667,0.0007897
S2K146,492,L,V,0.0004359,0.001667,0.0007897
S2K146,493,Q,A,0.002203,0.02106,0.003966
S2K146,493,Q,C,0.0004508,0.02106,0.003966
S2K146,493,Q,D,0.0006476,0.02106,0.003966
S2K146,493,Q,E,0.002131,0.02106,0.003966
S2K146,493,Q,G,0.0004374,0.02106,0.003966
S2K146,493,Q,H,0.0006934,0.02106,0.003966
S2K146,493,Q,I,0.0006659,0.02106,0.003966
S2K146,493,Q,K,0.00299,0.02106,0.003966
S2K146,493,Q,L,0.0009998,0.02106,0.003966
S2K146,493,Q,M,0.001114,0.02106,0.003966
S2K146,493,Q,N,0.0004415,0.02106,0.003966
S2K146,493,Q,R,0.003966,0.02106,0.003966
S2K146,493,Q,S,0.001067,0.02106,0.003966
S2K146,493,Q,T,0.001083,0.02106,0.003966
S2K146,493,Q,V,0.000745,0.02106,0.003966
S2K146,493,Q,W,0.0004368,0.02106,0.003966
S2K146,493,Q,Y,0.0009874,0.02106,0.003966
S2K146,494,S,A,0.0008228,0.01292,0.001788
S2K146,494,S,D,0.0008863,0.01292,0.001788
S2K146,494,S,F,0.0008705,0.01292,0.001788
S2K146,494,S,G,0.0005812,0.01292,0.001788
S2K146,494,S,H,0.0007354,0.01292,0.001788
S2K146,494,S,I,0.0009997,0.01292,0.001788
S2K146,494,S,K,0.0004543,0.01292,0.001788
S2K146,494,S,M,0.0007255,0.01292,0.001788
S2K146,494,S,N,0.0004413,0.01292,0.001788
S2K146,494,S,P,0.0004388,0.01292,0.001788
S2K146,494,S,R,0.0009709,0.01292,0.001788
S2K146,494,S,T,0.001788,0.01292,0.001788
S2K146,494,S,V,0.001702,0.01292,0.001788
S2K146,494,S,W,0.0006603,0.01292,0.001788
S2K146,494,S,Y,0.0008482,0.01292,0.001788
S2K146,496,G,A,0.0004278,0.01699,0.002007
S2K146,496,G,C,0.000429,0.01699,0.002007
S2K146,496,G,D,0.0004378,0.01699,0.002007
S2K146,496,G,E,0.001865,0.01699,0.002007
S2K146,496,G,F,0.001212,0.01699,0.002007
S2K146,496,G,H,0.001582,0.01699,0.002007
S2K146,496,G,I,0.001129,0.01699,0.002007
S2K146,496,G,K,0.0009413,0.01699,0.002007
S2K146,496,G,L,0.0004686,0.01699,0.002007
S2K146,496,G,M,0.002007,0.01699,0.002007
S2K146,496,G,N,0.0004388,0.01699,0.002007
S2K146,496,G,Q,0.0005789,0.01699,0.002007
S2K146,496,G,R,0.001055,0.01699,0.002007
S2K146,496,G,S,0.0006975,0.01699,0.002007
S2K146,496,G,T,0.0009071,0.01699,0.002007
S2K146,496,G,V,0.001109,0.01699,0.002007
S2K146,496,G,W,0.001066,0.01699,0.002007
S2K146,496,G,Y,0.0006355,0.01699,0.002007
S2K146,498,Q,A,0.000438,0.01949,0.003063
S2K146,498,Q,C,0.000438,0.01949,0.003063
S2K146,498,Q,D,0.001013,0.01949,0.003063
S2K146,498,Q,E,0.0004358,0.01949,0.003063
S2K146,498,Q,F,0.0004353,0.01949,0.003063
S2K146,498,Q,G,0.002041,0.01949,0.003063
S2K146,498,Q,H,0.001721,0.01949,0.003063
S2K146,498,Q,I,0.003063,0.01949,0.003063
S2K146,498,Q,K,0.0009923,0.01949,0.003063
S2K146,498,Q,L,0.0006837,0.01949,0.003063
S2K146,498,Q,M,0.0008071,0.01949,0.003063
S2K146,498,Q,N,0.0004331,0.01949,0.003063
S2K146,498,Q,R,0.001738,0.01949,0.003063
S2K146,498,Q,S,0.00164,0.01949,0.003063
S2K146,498,Q,T,0.0006111,0.01949,0.003063
S2K146,498,Q,V,0.0007862,0.01949,0.003063
S2K146,498,Q,W,0.001637,0.01949,0.003063
S2K146,498,Q,Y,0.0005705,0.01949,0.003063
S2K146,499,P,A,0.000877,0.01072,0.001673
S2K146,499,P,C,0.0004392,0.01072,0.001673
S2K146,499,P,D,0.001673,0.01072,0.001673
S2K146,499,P,E,0.000437,0.01072,0.001673
S2K146,499,P,G,0.001365,0.01072,0.001673
S2K146,499,P,H,0.0004328,0.01072,0.001673
S2K146,499,P,L,0.0008135,0.01072,0.001673
S2K146,499,P,M,0.0008386,0.01072,0.001673
S2K146,499,P,N,0.0006443,0.01072,0.001673
S2K146,499,P,Q,0.0004447,0.01072,0.001673
S2K146,499,P,R,0.0004539,0.01072,0.001673
S2K146,499,P,S,0.0004296,0.01072,0.001673
S2K146,499,P,T,0.00065,0.01072,0.001673
S2K146,499,P,V,0.000755,0.01072,0.001673
S2K146,499,P,Y,0.0004624,0.01072,0.001673
S2K146,500,T,A,0.000728,0.01466,0.001824
S2K146,500,T,C,0.0006659,0.01466,0.001824
S2K146,500,T,D,0.0009429,0.01466,0.001824
S2K146,500,T,E,0.0004373,0.01466,0.001824
S2K146,500,T,F,0.0005444,0.01466,0.001824
S2K146,500,T,G,0.0008111,0.01466,0.001824
S2K146,500,T,H,0.0004339,0.01466,0.001824
S2K146,500,T,I,0.001076,0.01466,0.001824
S2K146,500,T,K,0.0009512,0.01466,0.001824
S2K146,500,T,L,0.0004438,0.01466,0.001824
S2K146,500,T,M,0.0004537,0.01466,0.001824
S2K146,500,T,N,0.0007969,0.01466,0.001824
S2K146,500,T,P,0.001824,0.01466,0.001824
S2K146,500,T,Q,0.000439,0.01466,0.001824
S2K146,500,T,R,0.0006792,0.01466,0.001824
S2K146,500,T,S,0.0004919,0.01466,0.001824
S2K146,500,T,V,0.001021,0.01466,0.001824
S2K146,500,T,W,0.0007376,0.01466,0.001824
S2K146,500,T,Y,0.001179,0.01466,0.001824
S2K146,501,N,A,0.0009326,0.1096,0.08674
S2K146,501,N,C,0.0004509,0.1096,0.08674
S2K146,501,N,F,0.001015,0.1096,0.08674
S2K146,501,N,G,0.0004384,0.1096,0.08674
S2K146,501,N,H,0.0008813,0.1096,0.08674
S2K146,501,N,I,0.0009362,0.1096,0.08674
S2K146,501,N,L,0.0005735,0.1096,0.08674
S2K146,501,N,M,0.001259,0.1096,0.08674
S2K146,501,N,P,0.009026,0.1096,0.08674
S2K146,501,N,Q,0.0004559,0.1096,0.08674
S2K146,501,N,R,0.0004364,0.1096,0.08674
S2K146,501,N,S,0.00167,0.1096,0.08674
S2K146,501,N,T,0.0007695,0.1096,0.08674
S2K146,501,N,V,0.08674,0.1096,0.08674
S2K146,501,N,W,0.002366,0.1096,0.08674
S2K146,501,N,Y,0.001674,0.1096,0.08674
S2K146,503,V,A,0.000993,0.02562,0.003385
S2K146,503,V,C,0.0004335,0.02562,0.003385
S2K146,503,V,D,0.001441,0.02562,0.003385
S2K146,503,V,E,0.0007848,0.02562,0.003385
S2K146,503,V,F,0.0004346,0.02562,0.003385
S2K146,503,V,G,0.00128,0.02562,0.003385
S2K146,503,V,H,0.001886,0.02562,0.003385
S2K146,503,V,I,0.0006038,0.02562,0.003385
S2K146,503,V,K,0.002131,0.02562,0.003385
S2K146,503,V,L,0.003027,0.02562,0.003385
S2K146,503,V,M,0.001815,0.02562,0.003385
S2K146,503,V,N,0.0009313,0.02562,0.003385
S2K146,503,V,Q,0.001365,0.02562,0.003385
S2K146,503,V,R,0.001099,0.02562,0.003385
S2K146,503,V,S,0.0004491,0.02562,0.003385
S2K146,503,V,T,0.003385,0.02562,0.003385
S2K146,503,V,W,0.001634,0.02562,0.003385
S2K146,503,V,Y,0.001931,0.02562,0.003385
S2K146,504,G,A,0.0007886,0.02269,0.002456
S2K146,504,G,C,0.002456,0.02269,0.002456
S2K146,504,G,D,0.001078,0.02269,0.002456
S2K146,504,G,E,0.001829,0.02269,0.002456
S2K146,504,G,F,0.0004251,0.02269,0.002456
S2K146,504,G,H,0.002268,0.02269,0.002456
S2K146,504,G,I,0.001868,0.02269,0.002456
S2K146,504,G,K,0.0004247,0.02269,0.002456
S2K146,504,G,L,0.001053,0.02269,0.002456
S2K146,504,G,M,0.001206,0.02269,0.002456
S2K146,504,G,N,0.0008255,0.02269,0.002456
S2K146,504,G,P,0.001938,0.02269,0.002456
S2K146,504,G,Q,0.0007477,0.02269,0.002456
S2K146,504,G,R,0.00079,0.02269,0.002456
S2K146,504,G,S,0.0009103,0.02269,0.002456
S2K146,504,G,T,0.001284,0.02269,0.002456
S2K146,504,G,V,0.001793,0.02269,0.002456
S2K146,504,G,W,0.0004267,0.02269,0.002456
S2K146,504,G,Y,0.0005755,0.02269,0.002456
S2K146,505,Y,F,0.001039,0.006918,0.002476
S2K146,505,Y,H,0.002476,0.006918,0.002476
S2K146,505,Y,M,0.0008725,0.006918,0.002476
S2K146,505,Y,N,0.0005947,0.006918,0.002476
S2K146,505,Y,Q,0.001533,0.006918,0.002476
S2K146,505,Y,W,0.0004035,0.006918,0.002476
S2K146,506,Q,A,0.0008101,0.003546,0.001186
S2K146,506,Q,E,0.0006876,0.003546,0.001186
S2K146,506,Q,H,0.001186,0.003546,0.001186
S2K146,506,Q,N,0.000862,0.003546,0.001186
S2K146,507,P,A,0.001559,0.001559,0.001559
S2K146,508,Y,A,0.001011,0.005848,0.001266
S2K146,508,Y,F,0.0004123,0.005848,0.001266
S2K146,508,Y,H,0.0004011,0.005848,0.001266
S2K146,508,Y,M,0.0004335,0.005848,0.001266
S2K146,508,Y,N,0.001266,0.005848,0.001266
S2K146,508,Y,T,0.0004365,0.005848,0.001266
S2K146,508,Y,V,0.001056,0.005848,0.001266
S2K146,508,Y,W,0.0008316,0.005848,0.001266
S2K146,510,V,I,0.001198,0.001198,0.001198
S2K146,512,V,I,0.0004513,0.0004513,0.0004513
S2K146,513,L,I,0.0007892,0.001494,0.0007892
S2K146,513,L,M,0.0007045,0.001494,0.0007892
S2K146,514,S,A,0.0004469,0.0119,0.002145
S2K146,514,S,C,0.0005112,0.0119,0.002145
S2K146,514,S,F,0.0004437,0.0119,0.002145
S2K146,514,S,G,0.002145,0.0119,0.002145
S2K146,514,S,H,0.000439,0.0119,0.002145
S2K146,514,S,I,0.0004179,0.0119,0.002145
S2K146,514,S,K,0.0004347,0.0119,0.002145
S2K146,514,S,L,0.001026,0.0119,0.002145
S2K146,514,S,M,0.0005742,0.0119,0.002145
S2K146,514,S,N,0.001261,0.0119,0.002145
S2K146,514,S,Q,0.0004147,0.0119,0.002145
S2K146,514,S,R,0.0006193,0.0119,0.002145
S2K146,514,S,T,0.0004265,0.0119,0.002145
S2K146,514,S,V,0.0009862,0.0119,0.002145
S2K146,514,S,W,0.0004355,0.0119,0.002145
S2K146,514,S,Y,0.001319,0.0119,0.002145
S2K146,515,F,L,0.0004424,0.002165,0.001723
S2K146,515,F,M,0.001723,0.002165,0.001723
S2K146,516,E,D,0.003939,0.009421,0.003939
S2K146,516,E,H,0.0003587,0.009421,0.003939
S2K146,516,E,K,0.00141,0.009421,0.003939
S2K146,516,E,N,0.0005832,0.009421,0.003939
S2K146,516,E,P,0.0004473,0.009421,0.003939
S2K146,516,E,R,0.002246,0.009421,0.003939
S2K146,516,E,S,0.0004367,0.009421,0.003939
S2K146,516,E,T,0,0.009421,0.003939
S2K146,517,L,E,0.0007954,0.0121,0.005074
S2K146,517,L,H,0.0008826,0.0121,0.005074
S2K146,517,L,K,0.005074,0.0121,0.005074
S2K146,517,L,M,0.0004434,0.0121,0.005074
S2K146,517,L,N,0.0004616,0.0121,0.005074
S2K146,517,L,Q,0.0006951,0.0121,0.005074
S2K146,517,L,R,0.0009972,0.0121,0.005074
S2K146,517,L,S,0.0004403,0.0121,0.005074
S2K146,517,L,T,0.0004345,0.0121,0.005074
S2K146,517,L,V,0.001451,0.0121,0.005074
S2K146,517,L,Y,0.0004287,0.0121,0.005074
S2K146,518,L,A,0.0008783,0.01413,0.003136
S2K146,518,L,F,0.001102,0.01413,0.003136
S2K146,518,L,H,0.0006797,0.01413,0.003136
S2K146,518,L,I,0.003136,0.01413,0.003136
S2K146,518,L,K,0.001633,0.01413,0.003136
S2K146,518,L,M,0.0004298,0.01413,0.003136
S2K146,518,L,N,0.0004417,0.01413,0.003136
S2K146,518,L,P,0.0004544,0.01413,0.003136
S2K146,518,L,Q,0.001642,0.01413,0.003136
S2K146,518,L,R,0.0005312,0.01413,0.003136
S2K146,518,L,S,0.0009121,0.01413,0.003136
S2K146,518,L,T,0.0006604,0.01413,0.003136
S2K146,518,L,V,0.0004425,0.01413,0.003136
S2K146,518,L,W,0.0004269,0.01413,0.003136
S2K146,518,L,Y,0.0007618,0.01413,0.003136
S2K146,519,H,C,0.001167,0.04246,0.02995
S2K146,519,H,D,0.02995,0.04246,0.02995
S2K146,519,H,F,0.0007338,0.04246,0.02995
S2K146,519,H,I,0.0007308,0.04246,0.02995
S2K146,519,H,L,0.000389,0.04246,0.02995
S2K146,519,H,N,0.001112,0.04246,0.02995
S2K146,519,H,P,0.001506,0.04246,0.02995
S2K146,519,H,Q,0.003325,0.04246,0.02995
S2K146,519,H,R,0.0004278,0.04246,0.02995
S2K146,519,H,S,0.00044,0.04246,0.02995
S2K146,519,H,T,0.0004245,0.04246,0.02995
S2K146,519,H,V,0.0008008,0.04246,0.02995
S2K146,519,H,Y,0.001448,0.04246,0.02995
S2K146,520,A,C,0.000895,0.01695,0.003472
S2K146,520,A,D,0.001434,0.01695,0.003472
S2K146,520,A,E,0.001353,0.01695,0.003472
S2K146,520,A,F,0.0004408,0.01695,0.003472
S2K146,520,A,G,0.0008655,0.01695,0.003472
S2K146,520,A,H,0.0004774,0.01695,0.003472
S2K146,520,A,I,0.0004202,0.01695,0.003472
S2K146,520,A,K,0.0004452,0.01695,0.003472
S2K146,520,A,L,0.001468,0.01695,0.003472
S2K146,520,A,M,0.0004484,0.01695,0.003472
S2K146,520,A,N,0.0004688,0.01695,0.003472
S2K146,520,A,P,0.000762,0.01695,0.003472
S2K146,520,A,R,0.0006491,0.01695,0.003472
S2K146,520,A,S,0.0009799,0.01695,0.003472
S2K146,520,A,T,0.00109,0.01695,0.003472
S2K146,520,A,V,0.001279,0.01695,0.003472
S2K146,520,A,Y,0.003472,0.01695,0.003472
S2K146,521,P,C,0,0.008338,0.001844
S2K146,521,P,F,0.001124,0.008338,0.001844
S2K146,521,P,G,0.001844,0.008338,0.001844
S2K146,521,P,H,0.00102,0.008338,0.001844
S2K146,521,P,N,0.0009868,0.008338,0.001844
S2K146,521,P,R,0.0004351,0.008338,0.001844
S2K146,521,P,S,0.001763,0.008338,0.001844
S2K146,521,P,T,0.001164,0.008338,0.001844
S2K146,522,A,C,0.0006553,0.01595,0.006798
S2K146,522,A,D,0.006798,0.01595,0.006798
S2K146,522,A,E,0.0008051,0.01595,0.006798
S2K146,522,A,G,0.000421,0.01595,0.006798
S2K146,522,A,H,0.000716,0.01595,0.006798
S2K146,522,A,I,0.0004636,0.01595,0.006798
S2K146,522,A,K,0.0009217,0.01595,0.006798
S2K146,522,A,L,0.0005522,0.01595,0.006798
S2K146,522,A,M,0.000553,0.01595,0.006798
S2K146,522,A,P,0.0004399,0.01595,0.006798
S2K146,522,A,R,0.0005809,0.01595,0.006798
S2K146,522,A,S,0.0006855,0.01595,0.006798
S2K146,522,A,T,0.0006645,0.01595,0.006798
S2K146,522,A,V,0.0006596,0.01595,0.006798
S2K146,522,A,Y,0.001036,0.01595,0.006798
S2K146,523,T,Y,0.001878,0.001878,0.001878
S2K146,524,V,A,0.002165,0.003078,0.002165
S2K146,524,V,G,0.0004787,0.003078,0.002165
S2K146,524,V,I,0.0004338,0.003078,0.002165
S2K146,525,C,A,0.000973,0.008133,0.004055
S2K146,525,C,F,0.0004324,0.008133,0.004055
S2K146,525,C,I,0.004055,0.008133,0.004055
S2K146,525,C,L,0.0004291,0.008133,0.004055
S2K146,525,C,N,0.000441,0.008133,0.004055
S2K146,525,C,R,0.0004402,0.008133,0.004055
S2K146,525,C,S,0.001363,0.008133,0.004055
S2K146,526,G,A,0.001433,0.02527,0.01401
S2K146,526,G,D,0.001473,0.02527,0.01401
S2K146,526,G,E,0.01401,0.02527,0.01401
S2K146,526,G,L,0.0008811,0.02527,0.01401
S2K146,526,G,N,0.003256,0.02527,0.01401
S2K146,526,G,P,0.00199,0.02527,0.01401
S2K146,526,G,R,0.0005385,0.02527,0.01401
S2K146,526,G,S,0.0004352,0.02527,0.01401
S2K146,526,G,V,0.0008257,0.02527,0.01401
S2K146,526,G,W,0.0004347,0.02527,0.01401
S2K146,527,P,A,0.001425,0.0176,0.001678
S2K146,527,P,C,0.0008736,0.0176,0.001678
S2K146,527,P,E,0.001167,0.0176,0.001678
S2K146,527,P,F,0.0007897,0.0176,0.001678
S2K146,527,P,G,0.001172,0.0176,0.001678
S2K146,527,P,H,0.0006417,0.0176,0.001678
S2K146,527,P,I,0.001124,0.0176,0.001678
S2K146,527,P,K,0.0004711,0.0176,0.001678
S2K146,527,P,L,0.0008906,0.0176,0.001678
S2K146,527,P,M,0.0004385,0.0176,0.001678
S2K146,527,P,N,0.001678,0.0176,0.001678
S2K146,527,P,Q,0.001196,0.0176,0.001678
S2K146,527,P,R,0.001329,0.0176,0.001678
S2K146,527,P,S,0.0004332,0.0176,0.001678
S2K146,527,P,T,0.001391,0.0176,0.001678
S2K146,527,P,V,0.001665,0.0176,0.001678
S2K146,527,P,Y,0.0009099,0.0176,0.001678
S2K146,528,K,A,0.001371,0.01859,0.003499
S2K146,528,K,C,0.00043,0.01859,0.003499
S2K146,528,K,D,0.003499,0.01859,0.003499
S2K146,528,K,E,0.0004328,0.01859,0.003499
S2K146,528,K,G,0.001219,0.01859,0.003499
S2K146,528,K,H,0.0007316,0.01859,0.003499
S2K146,528,K,I,0.00232,0.01859,0.003499
S2K146,528,K,L,0.0004357,0.01859,0.003499
S2K146,528,K,M,0.000433,0.01859,0.003499
S2K146,528,K,N,0.0003916,0.01859,0.003499
S2K146,528,K,P,0.0004485,0.01859,0.003499
S2K146,528,K,Q,0.0006068,0.01859,0.003499
S2K146,528,K,R,0.0008344,0.01859,0.003499
S2K146,528,K,S,0.001071,0.01859,0.003499
S2K146,528,K,T,0.0009855,0.01859,0.003499
S2K146,528,K,V,0.0004315,0.01859,0.003499
S2K146,528,K,W,0.000423,0.01859,0.003499
S2K146,528,K,Y,0.002528,0.01859,0.003499
S2K146,529,K,C,0.003178,0.01759,0.003178
S2K146,529,K,D,0.0004346,0.01759,0.003178
S2K146,529,K,E,0.002418,0.01759,0.003178
S2K146,529,K,F,0.0005736,0.01759,0.003178
S2K146,529,K,G,0.0004282,0.01759,0.003178
S2K146,529,K,H,0.001299,0.01759,0.003178
S2K146,529,K,I,0.001389,0.01759,0.003178
S2K146,529,K,L,0.000856,0.01759,0.003178
S2K146,529,K,M,0.0008071,0.01759,0.003178
S2K146,529,K,N,0.0007873,0.01759,0.003178
S2K146,529,K,P,0.001355,0.01759,0.003178
S2K146,529,K,Q,0.000846,0.01759,0.003178
S2K146,529,K,R,0.0004367,0.01759,0.003178
S2K146,529,K,S,0.0004927,0.01759,0.003178
S2K146,529,K,T,0.0004922,0.01759,0.003178
S2K146,529,K,V,0.0004339,0.01759,0.003178
S2K146,529,K,W,0.0009126,0.01759,0.003178
S2K146,529,K,Y,0.0004516,0.01759,0.003178
S2K146,530,S,A,0.000467,0.02557,0.005705
S2K146,530,S,C,0.002741,0.02557,0.005705
S2K146,530,S,D,0.0005003,0.02557,0.005705
S2K146,530,S,E,0.002189,0.02557,0.005705
S2K146,530,S,F,0.0006846,0.02557,0.005705
S2K146,530,S,G,0.0005789,0.02557,0.005705
S2K146,530,S,H,0.0009239,0.02557,0.005705
S2K146,530,S,I,0.001697,0.02557,0.005705
S2K146,530,S,K,0.001889,0.02557,0.005705
S2K146,530,S,L,0.0003972,0.02557,0.005705
S2K146,530,S,M,0.0004301,0.02557,0.005705
S2K146,530,S,N,0.001686,0.02557,0.005705
S2K146,530,S,P,0.0004289,0.02557,0.005705
S2K146,530,S,Q,0.005705,0.02557,0.005705
S2K146,530,S,R,0.00219,0.02557,0.005705
S2K146,530,S,T,0.0008058,0.02557,0.005705
S2K146,530,S,V,0.0006695,0.02557,0.005705
S2K146,530,S,W,0.001086,0.02557,0.005705
S2K146,530,S,Y,0.0004988,0.02557,0.005705
S2K146,531,T,A,0.001412,0.02476,0.003825
S2K146,531,T,C,0.001505,0.02476,0.003825
S2K146,531,T,D,0.001951,0.02476,0.003825
S2K146,531,T,E,0.0004314,0.02476,0.003825
S2K146,531,T,F,0.000423,0.02476,0.003825
S2K146,531,T,G,0.00377,0.02476,0.003825
S2K146,531,T,H,0.001215,0.02476,0.003825
S2K146,531,T,I,0.001057,0.02476,0.003825
S2K146,531,T,K,0.001024,0.02476,0.003825
S2K146,531,T,L,0.0004147,0.02476,0.003825
S2K146,531,T,M,0.0005554,0.02476,0.003825
S2K146,531,T,N,0.0005698,0.02476,0.003825
S2K146,531,T,P,0.001189,0.02476,0.003825
S2K146,531,T,Q,0.001041,0.02476,0.003825
S2K146,531,T,R,0.000483,0.02476,0.003825
S2K146,531,T,S,0.00206,0.02476,0.003825
S2K146,531,T,V,0.003825,0.02476,0.003825
S2K146,531,T,W,0.0006242,0.02476,0.003825
S2K146,531,T,Y,0.001212,0.02476,0.003825
