isite,site,wildtype,mutant,count,n_countries,frequency
122,452,L,R,1374482,551,0.3939259237605071
148,478,T,K,1308631,483,0.37505305674183886
171,501,N,Y,1189976,808,0.3410465870435795
154,484,E,K,185505,510,0.05316564966816071
87,417,K,T,82534,243,0.02365420732439544
147,477,S,N,64467,255,0.018476213240383368
87,417,K,N,30325,222,0.00869113137752068
109,439,N,K,25257,205,0.007238644854148056
164,494,S,P,11710,135,0.0033560807396790485
160,490,F,S,11451,206,0.003281851456026028
154,484,E,Q,9029,117,0.002587707344027509
16,346,R,K,8733,129,0.002502873876995485
110,440,N,K,7842,97,0.0022475136772470623
122,452,L,Q,7516,121,0.0021540822236915226
190,520,A,S,5838,105,0.0016731681774761987
192,522,A,S,4308,123,0.0012346708647768866
171,501,N,T,4302,99,0.0012329512674721834
116,446,G,V,3586,98,0.0010277459891109366
192,522,A,V,3418,89,0.0009795972645792474
147,477,S,I,3216,68,0.0009217041553209069
37,367,V,F,2602,105,0.0007457320311396144
54,384,P,L,2595,81,0.0007437258342841273
37,367,V,L,2140,43,0.0006133230386774691
16,346,R,S,2101,75,0.0006021456561968985
97,427,D,N,2074,20,0.0005944074683257341
27,357,R,K,1993,20,0.0005711929047122412
149,479,P,S,1621,60,0.0004645778718206437
145,475,A,V,1562,50,0.0004476684983243957
153,483,V,F,1536,58,0.0004402169100040153
81,411,A,S,1472,46,0.00042187453875384794
52,382,V,L,1450,72,0.00041556934863660295
125,455,L,F,1316,62,0.00037716500883156514
122,452,L,M,1287,56,0.0003688536218588331
147,477,S,R,1285,45,0.00036828042275726536
123,453,Y,F,1250,17,0.00035824943847983013
18,348,A,S,1115,64,0.00031955849912400846
160,490,F,L,940,53,0.00026940357773683226
119,449,Y,S,926,17,0.00026539118402585816
110,440,N,S,921,11,0.00026395818627193886
24,354,N,K,865,38,0.00024790861142804245
148,478,T,I,850,42,0.00024360961816628448
54,384,P,S,850,45,0.00024360961816628448
178,508,Y,H,770,56,0.00022068165410357536
55,385,T,N,736,43,0.00021093726937692397
14,344,A,S,720,48,0.00020635167656438214
55,385,T,I,714,65,0.00020463207925967898
78,408,R,I,693,47,0.00019861348869321783
141,471,E,Q,657,45,0.0001882959048649987
129,459,S,F,656,33,0.00018800930531421485
199,529,K,T,654,51,0.00018743610621264713
147,477,S,G,648,32,0.00018571650890794394
200,530,S,N,637,48,0.00018256391384932144
198,528,K,G,637,48,0.00018256391384932144
164,494,S,L,621,45,0.0001779783210367796
146,476,G,S,616,49,0.0001765453232828603
84,414,Q,R,614,64,0.00017597212418129257
84,414,Q,H,612,11,0.00017539892507972482
22,352,A,S,612,40,0.00017539892507972482
32,362,V,F,598,35,0.00017138653136875072
46,376,T,I,573,44,0.00016422154259915412
192,522,A,P,540,28,0.00015476375742328662
148,478,T,R,538,27,0.0001541905583217189
186,516,E,Q,533,38,0.00015275756056779956
119,449,Y,H,523,45,0.00014989156505996093
120,450,N,K,513,29,0.00014702556955212227
196,526,G,T,507,44,0.0001453059722474191
195,525,C,I,507,44,0.0001453059722474191
163,493,Q,E,498,14,0.00014272657629036434
140,470,T,I,493,49,0.000141293578536445
84,414,Q,K,491,37,0.00014072037943487728
173,503,V,I,487,30,0.00013957398123174181
43,373,S,L,479,35,0.0001372811848254709
184,514,S,F,472,40,0.00013527498796998385
166,496,G,S,443,31,0.00012696360099725179
149,479,P,L,436,32,0.00012495740414176473
140,470,T,N,402,31,0.00011521301941511337
114,444,K,N,394,43,0.00011292022300884245
133,463,P,S,384,35,0.00011005422750100382
151,481,N,K,350,27,0.00010030984277435244
130,460,N,S,333,18,9.543765041102674e-05
8,338,F,L,330,33,9.457785175867516e-05
5,335,L,F,317,26,9.085205759848492e-05
194,524,V,I,311,14,8.913246029378174e-05
114,444,K,R,310,24,8.884586074299787e-05
89,419,A,S,307,38,8.798606209064629e-05
37,367,V,I,306,25,8.769946253986241e-05
16,346,R,I,305,29,8.741286298907855e-05
104,434,I,V,305,33,8.741286298907855e-05
24,354,N,D,298,25,8.54066661335915e-05
138,468,I,V,290,32,8.311386972732059e-05
73,403,R,K,289,17,8.282727017653673e-05
76,406,E,Q,285,25,8.168087197340127e-05
71,401,V,L,285,31,8.168087197340127e-05
196,526,G,A,283,9,8.110767287183354e-05
173,503,V,F,275,29,7.881487646556262e-05
145,475,A,S,268,31,7.680867961007557e-05
78,408,R,K,263,22,7.537568185615626e-05
187,517,L,F,261,36,7.480248275458854e-05
193,523,T,G,259,4,7.42292836530208e-05
29,359,S,N,257,26,7.365608455145308e-05
192,522,A,Q,256,39,7.33694850006692e-05
116,446,G,S,252,34,7.222308679753375e-05
26,356,K,R,250,27,7.164988769596603e-05
190,520,A,V,249,29,7.136328814518217e-05
193,523,T,S,247,12,7.079008904361443e-05
97,427,D,Y,245,32,7.02168899420467e-05
80,410,I,V,242,18,6.935709128969512e-05
199,529,K,Q,235,3,6.735089443420807e-05
200,530,S,T,234,8,6.70642948834242e-05
197,527,P,S,233,5,6.677769533264033e-05
42,372,A,V,232,34,6.649109578185647e-05
43,373,S,P,232,29,6.649109578185647e-05
9,339,G,D,230,24,6.591789668028875e-05
78,408,R,G,230,11,6.591789668028875e-05
201,531,T,Q,225,3,6.448489892636942e-05
198,528,K,Y,225,3,6.448489892636942e-05
97,427,D,V,225,11,6.448489892636942e-05
191,521,P,S,224,34,6.419829937558556e-05
128,458,K,N,221,29,6.333850072323396e-05
48,378,K,N,219,27,6.276530162166624e-05
153,483,V,A,215,27,6.161890341853079e-05
9,339,G,S,215,37,6.161890341853079e-05
163,493,Q,R,214,18,6.133230386774691e-05
29,359,S,T,197,6,5.646011150442123e-05
154,484,E,A,190,34,5.4453914648934176e-05
40,370,N,S,186,14,5.330751644579872e-05
115,445,V,A,185,23,5.302091689501486e-05
87,417,K,R,183,14,5.244771779344713e-05
100,430,T,I,181,32,5.1874518691879404e-05
37,367,V,A,167,13,4.786212498090531e-05
199,529,K,R,166,11,4.757552543012144e-05
144,474,Q,H,164,27,4.700232632855371e-05
105,435,A,S,163,23,4.6715726777769845e-05
22,352,A,V,162,25,4.6429127226985985e-05
169,499,P,S,158,19,4.528272902385053e-05
140,470,T,K,158,12,4.528272902385053e-05
115,445,V,I,156,17,4.47095299222828e-05
14,344,A,T,155,19,4.4422930371498933e-05
111,441,L,R,150,4,4.298993261757962e-05
24,354,N,S,148,23,4.241673351601189e-05
41,371,S,T,136,7,3.8977538906605514e-05
97,427,D,H,135,28,3.8690939355821654e-05
199,529,K,N,134,26,3.8404339805037786e-05
163,493,Q,L,132,17,3.783114070347006e-05
134,464,F,L,132,19,3.783114070347006e-05
7,337,P,S,131,21,3.75445411526862e-05
149,479,P,R,131,4,3.75445411526862e-05
97,427,D,G,129,21,3.697134205111847e-05
163,493,Q,K,126,16,3.6111543398766875e-05
119,449,Y,N,126,13,3.6111543398766875e-05
103,433,V,I,125,20,3.5824943847983014e-05
19,349,S,P,121,25,3.467854564484756e-05
126,456,F,L,121,19,3.467854564484756e-05
154,484,E,G,121,26,3.467854564484756e-05
11,341,V,I,120,19,3.439194609406369e-05
40,370,N,K,119,10,3.410534654327983e-05
183,513,L,F,118,26,3.381874699249596e-05
72,402,I,V,116,19,3.3245547890928235e-05
115,445,V,F,114,22,3.267234878936051e-05
155,485,G,V,114,19,3.267234878936051e-05
153,483,V,I,114,21,3.267234878936051e-05
67,397,A,V,112,11,3.209914968779278e-05
175,505,Y,H,110,16,3.152595058622505e-05
16,346,R,T,110,13,3.152595058622505e-05
83,413,G,R,109,13,3.1239351035441184e-05
16,346,R,G,107,13,3.0666151933873456e-05
18,348,A,T,105,21,3.009295283230573e-05
160,490,F,V,104,28,2.9806353281521867e-05
26,356,K,N,104,14,2.9806353281521867e-05
155,485,G,A,103,14,2.9519753730738003e-05
77,407,V,I,103,13,2.9519753730738003e-05
104,434,I,M,101,9,2.8946554629170275e-05
60,390,L,F,100,19,2.865995507838641e-05
45,375,S,F,100,17,2.865995507838641e-05
75,405,D,Y,99,25,2.8373355527602547e-05
160,490,F,Y,97,14,2.780015642603482e-05
141,471,E,G,96,15,2.7513556875250955e-05
154,484,E,D,95,24,2.7226957324467088e-05
7,337,P,L,93,18,2.665375822289936e-05
96,426,P,S,92,13,2.6367158672115496e-05
24,354,N,H,92,12,2.6367158672115496e-05
98,428,D,E,90,2,2.5793959570547768e-05
155,485,G,R,89,16,2.5507360019763904e-05
10,340,E,D,89,16,2.5507360019763904e-05
26,356,K,E,88,10,2.522076046898004e-05
114,444,K,M,87,5,2.4934160918196176e-05
48,378,K,M,85,3,2.4360961816628448e-05
153,483,V,L,82,18,2.3501163164276856e-05
44,374,F,L,81,18,2.3214563613492992e-05
177,507,P,S,80,20,2.292796406270913e-05
85,415,T,N,77,12,2.2068165410357536e-05
198,528,K,R,77,11,2.2068165410357536e-05
191,521,P,L,76,16,2.1781565859573672e-05
43,373,S,A,76,9,2.1781565859573672e-05
187,517,L,I,76,16,2.1781565859573672e-05
118,448,N,S,76,22,2.1781565859573672e-05
129,459,S,Y,74,19,2.1208366758005944e-05
171,501,N,S,74,15,2.1208366758005944e-05
161,491,P,S,73,19,2.092176720722208e-05
14,344,A,V,73,12,2.092176720722208e-05
152,482,G,V,70,18,2.006196855487049e-05
64,394,N,S,70,13,2.006196855487049e-05
38,368,L,I,70,14,2.006196855487049e-05
42,372,A,P,69,10,1.9775369004086625e-05
169,499,P,R,69,14,1.9775369004086625e-05
191,521,P,R,68,11,1.9488769453302757e-05
146,476,G,A,67,10,1.9202169902518893e-05
190,520,A,T,67,11,1.9202169902518893e-05
156,486,F,L,65,13,1.8628970800951165e-05
155,485,G,S,65,15,1.8628970800951165e-05
130,460,N,I,65,13,1.8628970800951165e-05
98,428,D,G,65,19,1.8628970800951165e-05
135,465,E,D,64,18,1.83423712501673e-05
26,356,K,Q,63,4,1.8055771699383437e-05
174,504,G,S,63,14,1.8055771699383437e-05
138,468,I,T,63,18,1.8055771699383437e-05
171,501,N,I,61,10,1.748257259781571e-05
189,519,H,Y,61,17,1.748257259781571e-05
141,471,E,D,60,10,1.7195973047031845e-05
18,348,A,P,60,5,1.7195973047031845e-05
169,499,P,L,60,15,1.7195973047031845e-05
117,447,G,V,59,15,1.690937349624798e-05
1,331,N,T,59,9,1.690937349624798e-05
174,504,G,D,59,20,1.690937349624798e-05
74,404,G,C,58,7,1.6622773945464117e-05
128,458,K,R,58,8,1.6622773945464117e-05
110,440,N,T,58,12,1.6622773945464117e-05
200,530,S,A,58,7,1.6622773945464117e-05
83,413,G,V,57,19,1.6336174394680253e-05
201,531,T,R,57,6,1.6336174394680253e-05
21,351,Y,F,55,9,1.5762975293112526e-05
85,415,T,A,55,11,1.5762975293112526e-05
155,485,G,D,55,4,1.5762975293112526e-05
163,493,Q,H,55,15,1.5762975293112526e-05
151,481,N,S,55,10,1.5762975293112526e-05
110,440,N,Y,55,12,1.5762975293112526e-05
111,441,L,F,54,12,1.547637574232866e-05
164,494,S,A,54,8,1.547637574232866e-05
81,411,A,V,54,13,1.547637574232866e-05
71,401,V,I,54,16,1.547637574232866e-05
193,523,T,N,53,14,1.5189776191544798e-05
178,508,Y,C,53,5,1.5189776191544798e-05
130,460,N,K,52,11,1.4903176640760934e-05
152,482,G,S,51,13,1.461657708997707e-05
116,446,G,A,51,11,1.461657708997707e-05
46,376,T,S,51,11,1.461657708997707e-05
142,472,I,V,51,18,1.461657708997707e-05
75,405,D,G,50,16,1.4329977539193206e-05
46,376,T,N,50,10,1.4329977539193206e-05
78,408,R,S,50,10,1.4329977539193206e-05
64,394,N,Y,50,6,1.4329977539193206e-05
29,359,S,G,50,19,1.4329977539193206e-05
199,529,K,E,49,10,1.4043377988409342e-05
3,333,T,I,48,17,1.3756778437625478e-05
169,499,P,H,48,13,1.3756778437625478e-05
120,450,N,D,48,18,1.3756778437625478e-05
7,337,P,T,48,12,1.3756778437625478e-05
149,479,P,H,47,14,1.3470178886841612e-05
147,477,S,T,46,14,1.3183579336057748e-05
40,370,N,H,46,1,1.3183579336057748e-05
111,441,L,I,46,11,1.3183579336057748e-05
166,496,G,V,46,15,1.3183579336057748e-05
168,498,Q,R,44,15,1.261038023449002e-05
142,472,I,T,44,13,1.261038023449002e-05
122,452,L,W,44,13,1.261038023449002e-05
193,523,T,I,43,15,1.2323780683706156e-05
121,451,Y,H,41,12,1.1750581582138428e-05
171,501,N,H,41,10,1.1750581582138428e-05
54,384,P,R,41,6,1.1750581582138428e-05
196,526,G,S,41,5,1.1750581582138428e-05
145,475,A,T,41,10,1.1750581582138428e-05
174,504,G,N,41,8,1.1750581582138428e-05
58,388,N,D,40,3,1.1463982031354564e-05
10,340,E,K,40,9,1.1463982031354564e-05
117,447,G,S,40,16,1.1463982031354564e-05
51,381,G,R,40,10,1.1463982031354564e-05
98,428,D,Y,40,13,1.1463982031354564e-05
25,355,R,S,40,5,1.1463982031354564e-05
173,503,V,A,40,12,1.1463982031354564e-05
83,413,G,W,40,13,1.1463982031354564e-05
10,340,E,A,39,6,1.11773824805707e-05
32,362,V,L,39,3,1.11773824805707e-05
2,332,I,V,39,9,1.11773824805707e-05
154,484,E,V,38,11,1.0890782929786836e-05
90,420,D,N,37,12,1.0604183379002972e-05
18,348,A,V,37,10,1.0604183379002972e-05
4,334,N,K,37,10,1.0604183379002972e-05
12,342,F,L,36,8,1.0317583828219108e-05
193,523,T,A,36,12,1.0317583828219108e-05
168,498,Q,K,36,13,1.0317583828219108e-05
97,427,D,A,35,11,1.0030984277435244e-05
39,369,Y,H,35,9,1.0030984277435244e-05
159,489,Y,H,35,14,1.0030984277435244e-05
114,444,K,T,35,5,1.0030984277435244e-05
42,372,A,T,35,16,1.0030984277435244e-05
198,528,K,I,34,5,9.744384726651379e-06
9,339,G,C,34,11,9.744384726651379e-06
76,406,E,D,34,14,9.744384726651379e-06
29,359,S,R,34,7,9.744384726651379e-06
65,395,V,L,34,8,9.744384726651379e-06
24,354,N,T,34,5,9.744384726651379e-06
84,414,Q,L,33,9,9.457785175867515e-06
15,345,T,S,33,8,9.457785175867515e-06
152,482,G,D,33,12,9.457785175867515e-06
63,393,T,I,33,7,9.457785175867515e-06
182,512,V,I,33,13,9.457785175867515e-06
26,356,K,M,33,10,9.457785175867515e-06
59,389,D,E,33,11,9.457785175867515e-06
118,448,N,T,32,9,9.17118562508365e-06
140,470,T,A,32,7,9.17118562508365e-06
136,466,R,I,32,13,9.17118562508365e-06
41,371,S,P,32,13,9.17118562508365e-06
116,446,G,D,31,12,8.884586074299787e-06
45,375,S,T,31,7,8.884586074299787e-06
177,507,P,A,31,4,8.884586074299787e-06
151,481,N,D,31,5,8.884586074299787e-06
192,522,A,G,30,7,8.597986523515923e-06
39,369,Y,F,30,3,8.597986523515923e-06
188,518,L,I,30,10,8.597986523515923e-06
45,375,S,P,30,11,8.597986523515923e-06
135,465,E,G,30,13,8.597986523515923e-06
180,510,V,L,29,12,8.311386972732059e-06
104,434,I,T,29,10,8.311386972732059e-06
119,449,Y,D,29,3,8.311386972732059e-06
59,389,D,G,29,10,8.311386972732059e-06
31,361,C,T,28,9,8.024787421948195e-06
4,334,N,Y,28,5,8.024787421948195e-06
9,339,G,V,28,6,8.024787421948195e-06
97,427,D,E,28,4,8.024787421948195e-06
64,394,N,T,27,6,7.73818787116433e-06
2,332,I,T,27,4,7.73818787116433e-06
118,448,N,K,27,8,7.73818787116433e-06
143,473,Y,F,27,6,7.73818787116433e-06
184,514,S,T,27,6,7.73818787116433e-06
81,411,A,T,27,12,7.73818787116433e-06
41,371,S,A,26,7,7.451588320380467e-06
169,499,P,T,26,6,7.451588320380467e-06
170,500,T,S,26,6,7.451588320380467e-06
28,358,I,V,26,10,7.451588320380467e-06
83,413,G,E,26,10,7.451588320380467e-06
42,372,A,S,26,8,7.451588320380467e-06
41,371,S,F,26,11,7.451588320380467e-06
160,490,F,I,26,13,7.451588320380467e-06
181,511,V,I,26,7,7.451588320380467e-06
131,461,L,I,25,5,7.164988769596603e-06
191,521,P,T,25,12,7.164988769596603e-06
135,465,E,A,25,3,7.164988769596603e-06
47,377,F,L,24,7,6.878389218812739e-06
40,370,N,D,24,3,6.878389218812739e-06
113,443,S,F,24,6,6.878389218812739e-06
50,380,Y,F,24,9,6.878389218812739e-06
88,418,I,V,23,7,6.591789668028874e-06
65,395,V,F,23,8,6.591789668028874e-06
75,405,D,N,23,8,6.591789668028874e-06
146,476,G,D,23,10,6.591789668028874e-06
75,405,D,E,23,8,6.591789668028874e-06
85,415,T,I,23,9,6.591789668028874e-06
199,529,K,M,22,11,6.30519011724501e-06
156,486,F,S,22,11,6.30519011724501e-06
48,378,K,R,22,12,6.30519011724501e-06
7,337,P,H,22,10,6.30519011724501e-06
105,435,A,T,22,6,6.30519011724501e-06
181,511,V,L,22,9,6.30519011724501e-06
32,362,V,I,21,7,6.018590566461146e-06
139,469,S,A,21,7,6.018590566461146e-06
141,471,E,K,21,11,6.018590566461146e-06
142,472,I,L,21,7,6.018590566461146e-06
78,408,R,T,21,8,6.018590566461146e-06
185,515,F,L,21,12,6.018590566461146e-06
200,530,S,P,21,11,6.018590566461146e-06
189,519,H,Q,21,12,6.018590566461146e-06
201,531,T,S,21,9,6.018590566461146e-06
64,394,N,D,21,3,6.018590566461146e-06
127,457,R,S,20,10,5.731991015677282e-06
67,397,A,S,20,8,5.731991015677282e-06
173,503,V,L,20,10,5.731991015677282e-06
10,340,E,G,20,7,5.731991015677282e-06
190,520,A,P,20,6,5.731991015677282e-06
141,471,E,A,20,7,5.731991015677282e-06
113,443,S,A,20,8,5.731991015677282e-06
65,395,V,I,20,8,5.731991015677282e-06
29,359,S,I,19,4,5.445391464893418e-06
163,493,Q,P,19,2,5.445391464893418e-06
27,357,R,I,19,13,5.445391464893418e-06
152,482,G,R,19,9,5.445391464893418e-06
168,498,Q,H,19,3,5.445391464893418e-06
21,351,Y,H,19,8,5.445391464893418e-06
192,522,A,T,19,9,5.445391464893418e-06
59,389,D,N,19,11,5.445391464893418e-06
1,331,N,H,19,7,5.445391464893418e-06
151,481,N,I,18,7,5.158791914109554e-06
104,434,I,L,18,5,5.158791914109554e-06
33,363,A,V,18,10,5.158791914109554e-06
110,440,N,D,18,9,5.158791914109554e-06
89,419,A,V,18,9,5.158791914109554e-06
154,484,E,R,18,6,5.158791914109554e-06
198,528,K,S,18,8,5.158791914109554e-06
132,462,K,Q,18,2,5.158791914109554e-06
189,519,H,P,18,7,5.158791914109554e-06
106,436,W,L,18,6,5.158791914109554e-06
72,402,I,L,17,4,4.872192363325689e-06
141,471,E,V,17,6,4.872192363325689e-06
129,459,S,P,17,6,4.872192363325689e-06
10,340,E,Q,17,7,4.872192363325689e-06
146,476,G,V,17,8,4.872192363325689e-06
85,415,T,S,17,7,4.872192363325689e-06
7,337,P,R,17,4,4.872192363325689e-06
130,460,N,Y,16,9,4.585592812541825e-06
3,333,T,K,16,8,4.585592812541825e-06
39,369,Y,C,16,8,4.585592812541825e-06
1,331,N,S,16,6,4.585592812541825e-06
22,352,A,T,16,6,4.585592812541825e-06
90,420,D,Y,15,8,4.298993261757961e-06
118,448,N,D,15,7,4.298993261757961e-06
188,518,L,P,15,9,4.298993261757961e-06
153,483,V,G,15,4,4.298993261757961e-06
30,360,N,S,15,5,4.298993261757961e-06
34,364,D,N,15,5,4.298993261757961e-06
30,360,N,Y,14,7,4.012393710974097e-06
87,417,K,E,14,5,4.012393710974097e-06
53,383,S,F,14,8,4.012393710974097e-06
183,513,L,I,13,11,3.7257941601902334e-06
132,462,K,E,13,6,3.7257941601902334e-06
133,463,P,L,13,7,3.7257941601902334e-06
170,500,T,A,13,7,3.7257941601902334e-06
26,356,K,T,13,6,3.7257941601902334e-06
66,396,Y,F,13,4,3.7257941601902334e-06
89,419,A,T,13,5,3.7257941601902334e-06
125,455,L,S,13,5,3.7257941601902334e-06
174,504,G,V,13,7,3.7257941601902334e-06
176,506,Q,K,13,2,3.7257941601902334e-06
4,334,N,H,13,3,3.7257941601902334e-06
151,481,N,Y,13,8,3.7257941601902334e-06
144,474,Q,R,13,5,3.7257941601902334e-06
136,466,R,K,13,4,3.7257941601902334e-06
1,331,N,Y,13,2,3.7257941601902334e-06
73,403,R,I,12,6,3.4391946094063694e-06
144,474,Q,E,12,5,3.4391946094063694e-06
58,388,N,S,12,6,3.4391946094063694e-06
98,428,D,H,12,5,3.4391946094063694e-06
5,335,L,S,12,8,3.4391946094063694e-06
45,375,S,A,12,9,3.4391946094063694e-06
5,335,L,V,12,4,3.4391946094063694e-06
130,460,N,T,12,4,3.4391946094063694e-06
112,442,D,V,12,1,3.4391946094063694e-06
54,384,P,H,12,5,3.4391946094063694e-06
64,394,N,H,12,1,3.4391946094063694e-06
12,342,F,I,12,1,3.4391946094063694e-06
90,420,D,A,12,6,3.4391946094063694e-06
117,447,G,D,12,5,3.4391946094063694e-06
166,496,G,R,11,5,3.152595058622505e-06
100,430,T,A,11,7,3.152595058622505e-06
148,478,T,A,11,4,3.152595058622505e-06
186,516,E,G,11,4,3.152595058622505e-06
175,505,Y,W,11,1,3.152595058622505e-06
187,517,L,H,11,5,3.152595058622505e-06
3,333,T,A,11,6,3.152595058622505e-06
75,405,D,H,11,7,3.152595058622505e-06
8,338,F,Y,11,2,3.152595058622505e-06
161,491,P,L,11,5,3.152595058622505e-06
64,394,N,I,11,5,3.152595058622505e-06
164,494,S,T,11,9,3.152595058622505e-06
132,462,K,I,11,4,3.152595058622505e-06
28,358,I,L,10,4,2.865995507838641e-06
67,397,A,T,10,2,2.865995507838641e-06
119,449,Y,F,10,4,2.865995507838641e-06
75,405,D,A,10,5,2.865995507838641e-06
170,500,T,I,10,6,2.865995507838641e-06
87,417,K,M,10,4,2.865995507838641e-06
132,462,K,R,10,7,2.865995507838641e-06
83,413,G,A,10,5,2.865995507838641e-06
128,458,K,E,10,4,2.865995507838641e-06
33,363,A,S,10,7,2.865995507838641e-06
143,473,Y,H,10,4,2.865995507838641e-06
54,384,P,A,10,5,2.865995507838641e-06
128,458,K,T,10,4,2.865995507838641e-06
55,385,T,A,10,6,2.865995507838641e-06
98,428,D,V,10,4,2.865995507838641e-06
73,403,R,G,9,4,2.579395957054777e-06
138,468,I,F,9,7,2.579395957054777e-06
20,350,V,I,9,3,2.579395957054777e-06
19,349,S,A,9,4,2.579395957054777e-06
74,404,G,S,9,5,2.579395957054777e-06
59,389,D,H,9,4,2.579395957054777e-06
73,403,R,S,9,7,2.579395957054777e-06
171,501,N,K,9,5,2.579395957054777e-06
167,497,F,S,9,4,2.579395957054777e-06
192,522,A,E,9,5,2.579395957054777e-06
123,453,Y,H,9,7,2.579395957054777e-06
124,454,R,K,9,2,2.579395957054777e-06
95,425,L,V,9,5,2.579395957054777e-06
128,458,K,Q,9,5,2.579395957054777e-06
189,519,H,R,9,6,2.579395957054777e-06
65,395,V,A,9,5,2.579395957054777e-06
156,486,F,I,9,4,2.579395957054777e-06
63,393,T,S,8,2,2.2927964062709127e-06
165,495,Y,H,8,4,2.2927964062709127e-06
201,531,T,N,8,6,2.2927964062709127e-06
132,462,K,T,8,2,2.2927964062709127e-06
107,437,N,S,8,6,2.2927964062709127e-06
108,438,S,A,8,2,2.2927964062709127e-06
175,505,Y,F,8,2,2.2927964062709127e-06
184,514,S,Y,8,4,2.2927964062709127e-06
110,440,N,I,8,3,2.2927964062709127e-06
144,474,Q,K,8,3,2.2927964062709127e-06
80,410,I,T,8,2,2.2927964062709127e-06
197,527,P,T,8,4,2.2927964062709127e-06
139,469,S,L,8,6,2.2927964062709127e-06
112,442,D,F,8,1,2.2927964062709127e-06
45,375,S,Y,8,5,2.2927964062709127e-06
187,517,L,P,8,5,2.2927964062709127e-06
14,344,A,D,8,4,2.2927964062709127e-06
140,470,T,S,8,5,2.2927964062709127e-06
22,352,A,D,8,2,2.2927964062709127e-06
36,366,S,F,8,5,2.2927964062709127e-06
138,468,I,L,8,5,2.2927964062709127e-06
191,521,P,Q,8,7,2.2927964062709127e-06
4,334,N,S,8,5,2.2927964062709127e-06
149,479,P,T,8,3,2.2927964062709127e-06
91,421,Y,F,8,4,2.2927964062709127e-06
44,374,F,Y,8,4,2.2927964062709127e-06
36,366,S,Y,7,6,2.0061968554870487e-06
112,442,D,Y,7,3,2.0061968554870487e-06
38,368,L,P,7,6,2.0061968554870487e-06
73,403,R,T,7,4,2.0061968554870487e-06
151,481,N,T,7,3,2.0061968554870487e-06
98,428,D,A,7,5,2.0061968554870487e-06
116,446,G,R,7,5,2.0061968554870487e-06
42,372,A,E,7,4,2.0061968554870487e-06
114,444,K,E,7,4,2.0061968554870487e-06
24,354,N,Y,7,4,2.0061968554870487e-06
128,458,K,M,7,5,2.0061968554870487e-06
130,460,N,D,7,3,2.0061968554870487e-06
188,518,L,V,7,6,2.0061968554870487e-06
185,515,F,T,7,1,2.0061968554870487e-06
109,439,N,I,7,2,2.0061968554870487e-06
120,450,N,S,7,5,2.0061968554870487e-06
192,522,A,M,7,1,2.0061968554870487e-06
189,519,H,L,7,5,2.0061968554870487e-06
66,396,Y,H,7,5,2.0061968554870487e-06
23,353,W,F,7,5,2.0061968554870487e-06
60,390,L,I,7,4,2.0061968554870487e-06
106,436,W,C,7,4,2.0061968554870487e-06
52,382,V,M,6,4,1.7195973047031847e-06
181,511,V,A,6,3,1.7195973047031847e-06
44,374,F,S,6,4,1.7195973047031847e-06
190,520,A,E,6,5,1.7195973047031847e-06
77,407,V,A,6,4,1.7195973047031847e-06
187,517,L,V,6,5,1.7195973047031847e-06
142,472,I,F,6,3,1.7195973047031847e-06
62,392,F,V,6,2,1.7195973047031847e-06
63,393,T,A,6,3,1.7195973047031847e-06
28,358,I,T,6,3,1.7195973047031847e-06
74,404,G,V,6,5,1.7195973047031847e-06
74,404,G,A,6,2,1.7195973047031847e-06
114,444,K,F,6,1,1.7195973047031847e-06
114,444,K,L,6,1,1.7195973047031847e-06
122,452,L,V,6,4,1.7195973047031847e-06
17,347,F,L,6,5,1.7195973047031847e-06
180,510,V,I,6,2,1.7195973047031847e-06
46,376,T,A,6,4,1.7195973047031847e-06
189,519,H,D,6,4,1.7195973047031847e-06
110,440,N,E,6,1,1.7195973047031847e-06
186,516,E,V,6,5,1.7195973047031847e-06
82,412,P,L,6,4,1.7195973047031847e-06
59,389,D,Y,6,5,1.7195973047031847e-06
188,518,L,Q,6,3,1.7195973047031847e-06
127,457,R,K,6,5,1.7195973047031847e-06
90,420,D,G,6,5,1.7195973047031847e-06
52,382,V,A,6,3,1.7195973047031847e-06
24,354,N,I,6,1,1.7195973047031847e-06
62,392,F,S,6,3,1.7195973047031847e-06
62,392,F,L,6,3,1.7195973047031847e-06
115,445,V,D,5,3,1.4329977539193205e-06
127,457,R,M,5,3,1.4329977539193205e-06
174,504,G,C,5,4,1.4329977539193205e-06
129,459,S,A,5,1,1.4329977539193205e-06
36,366,S,P,5,2,1.4329977539193205e-06
138,468,I,M,5,4,1.4329977539193205e-06
173,503,V,G,5,5,1.4329977539193205e-06
118,448,N,Y,5,3,1.4329977539193205e-06
120,450,N,Y,5,3,1.4329977539193205e-06
34,364,D,Y,5,3,1.4329977539193205e-06
54,384,P,T,5,5,1.4329977539193205e-06
111,441,L,V,5,1,1.4329977539193205e-06
23,353,W,C,5,1,1.4329977539193205e-06
22,352,A,G,5,2,1.4329977539193205e-06
23,353,W,Y,5,3,1.4329977539193205e-06
20,350,V,A,5,4,1.4329977539193205e-06
159,489,Y,C,5,3,1.4329977539193205e-06
74,404,G,R,5,3,1.4329977539193205e-06
27,357,R,G,5,3,1.4329977539193205e-06
164,494,S,R,5,1,1.4329977539193205e-06
18,348,A,G,5,4,1.4329977539193205e-06
28,358,I,F,5,2,1.4329977539193205e-06
80,410,I,L,5,2,1.4329977539193205e-06
40,370,N,T,5,4,1.4329977539193205e-06
100,430,T,S,5,3,1.4329977539193205e-06
79,409,Q,L,5,4,1.4329977539193205e-06
197,527,P,L,5,4,1.4329977539193205e-06
72,402,I,T,5,4,1.4329977539193205e-06
41,371,S,Y,5,5,1.4329977539193205e-06
186,516,E,K,5,3,1.4329977539193205e-06
77,407,V,L,5,3,1.4329977539193205e-06
190,520,A,L,5,2,1.4329977539193205e-06
142,472,I,M,5,5,1.4329977539193205e-06
112,442,D,E,5,5,1.4329977539193205e-06
36,366,S,A,5,4,1.4329977539193205e-06
166,496,G,D,4,3,1.1463982031354563e-06
198,528,K,E,4,4,1.1463982031354563e-06
69,399,S,A,4,2,1.1463982031354563e-06
179,509,R,S,4,2,1.1463982031354563e-06
168,498,Q,L,4,3,1.1463982031354563e-06
177,507,P,L,4,4,1.1463982031354563e-06
96,426,P,L,4,1,1.1463982031354563e-06
69,399,S,P,4,4,1.1463982031354563e-06
75,405,D,V,4,3,1.1463982031354563e-06
189,519,H,N,4,2,1.1463982031354563e-06
155,485,G,C,4,3,1.1463982031354563e-06
82,412,P,Q,4,2,1.1463982031354563e-06
64,394,N,K,4,4,1.1463982031354563e-06
161,491,P,T,4,4,1.1463982031354563e-06
30,360,N,K,4,1,1.1463982031354563e-06
123,453,Y,S,4,2,1.1463982031354563e-06
179,509,R,K,4,3,1.1463982031354563e-06
162,492,L,S,4,3,1.1463982031354563e-06
94,424,K,N,4,2,1.1463982031354563e-06
147,477,S,K,4,2,1.1463982031354563e-06
117,447,G,C,4,3,1.1463982031354563e-06
157,487,N,D,4,3,1.1463982031354563e-06
113,443,S,Y,4,1,1.1463982031354563e-06
11,341,V,F,4,3,1.1463982031354563e-06
10,340,E,V,4,4,1.1463982031354563e-06
115,445,V,G,4,3,1.1463982031354563e-06
172,502,G,E,4,2,1.1463982031354563e-06
56,386,K,R,4,2,1.1463982031354563e-06
37,367,V,G,4,4,1.1463982031354563e-06
71,401,V,A,4,2,1.1463982031354563e-06
173,503,V,C,4,4,1.1463982031354563e-06
79,409,Q,H,4,4,1.1463982031354563e-06
36,366,S,T,4,2,1.1463982031354563e-06
79,409,Q,K,4,3,1.1463982031354563e-06
189,519,H,A,4,2,1.1463982031354563e-06
33,363,A,T,4,2,1.1463982031354563e-06
18,348,A,E,4,4,1.1463982031354563e-06
118,448,N,G,4,1,1.1463982031354563e-06
118,448,N,I,4,3,1.1463982031354563e-06
184,514,S,A,4,3,1.1463982031354563e-06
8,338,F,I,4,3,1.1463982031354563e-06
19,349,S,F,4,4,1.1463982031354563e-06
119,449,Y,V,4,2,1.1463982031354563e-06
23,353,W,R,4,2,1.1463982031354563e-06
131,461,L,F,3,2,8.597986523515924e-07
183,513,L,V,3,1,8.597986523515924e-07
179,509,R,Q,3,1,8.597986523515924e-07
158,488,C,F,3,2,8.597986523515924e-07
156,486,F,Y,3,1,8.597986523515924e-07
136,466,R,S,3,2,8.597986523515924e-07
166,496,G,C,3,3,8.597986523515924e-07
133,463,P,A,3,3,8.597986523515924e-07
172,502,G,S,3,3,8.597986523515924e-07
172,502,G,V,3,3,8.597986523515924e-07
172,502,G,C,3,3,8.597986523515924e-07
139,469,S,T,3,2,8.597986523515924e-07
182,512,V,F,3,1,8.597986523515924e-07
182,512,V,L,3,3,8.597986523515924e-07
194,524,V,A,3,2,8.597986523515924e-07
145,475,A,P,3,2,8.597986523515924e-07
174,504,G,E,3,2,8.597986523515924e-07
174,504,G,L,3,3,8.597986523515924e-07
171,501,N,F,3,3,8.597986523515924e-07
170,500,T,P,3,3,8.597986523515924e-07
192,522,A,L,3,2,8.597986523515924e-07
150,480,C,S,3,2,8.597986523515924e-07
191,521,P,D,3,3,8.597986523515924e-07
178,508,Y,F,3,3,8.597986523515924e-07
183,513,L,P,3,2,8.597986523515924e-07
193,523,T,P,3,3,8.597986523515924e-07
1,331,N,D,3,3,8.597986523515924e-07
130,460,N,H,3,3,8.597986523515924e-07
117,447,G,F,3,2,8.597986523515924e-07
81,411,A,P,3,3,8.597986523515924e-07
85,415,T,P,3,2,8.597986523515924e-07
87,417,K,A,3,2,8.597986523515924e-07
87,417,K,Q,3,1,8.597986523515924e-07
91,421,Y,H,3,3,8.597986523515924e-07
96,426,P,T,3,3,8.597986523515924e-07
102,432,C,F,3,3,8.597986523515924e-07
103,433,V,A,3,3,8.597986523515924e-07
105,435,A,V,3,3,8.597986523515924e-07
106,436,W,F,3,3,8.597986523515924e-07
108,438,S,T,3,2,8.597986523515924e-07
110,440,N,F,3,2,8.597986523515924e-07
111,441,L,P,3,1,8.597986523515924e-07
113,443,S,C,3,1,8.597986523515924e-07
114,444,K,I,3,1,8.597986523515924e-07
74,404,G,D,3,3,8.597986523515924e-07
63,393,T,N,3,3,8.597986523515924e-07
62,392,F,A,3,2,8.597986523515924e-07
35,365,Y,C,3,3,8.597986523515924e-07
4,334,N,D,3,3,8.597986523515924e-07
23,353,W,L,3,3,8.597986523515924e-07
27,357,R,T,3,2,8.597986523515924e-07
30,360,N,T,3,2,8.597986523515924e-07
31,361,C,F,3,1,8.597986523515924e-07
34,364,D,G,3,3,8.597986523515924e-07
37,367,V,H,3,2,8.597986523515924e-07
60,390,L,P,3,3,8.597986523515924e-07
42,372,A,G,3,3,8.597986523515924e-07
42,372,A,L,3,2,8.597986523515924e-07
49,379,C,F,3,3,8.597986523515924e-07
51,381,G,A,3,3,8.597986523515924e-07
52,382,V,E,3,3,8.597986523515924e-07
53,383,S,A,3,2,8.597986523515924e-07
115,445,V,L,3,2,8.597986523515924e-07
111,441,L,Y,3,1,8.597986523515924e-07
126,456,F,V,3,3,8.597986523515924e-07
125,455,L,V,3,1,8.597986523515924e-07
124,454,R,I,3,2,8.597986523515924e-07
174,504,G,Y,2,2,5.731991015677282e-07
170,500,T,N,2,2,5.731991015677282e-07
23,353,W,S,2,2,5.731991015677282e-07
90,420,D,H,2,2,5.731991015677282e-07
90,420,D,E,2,2,5.731991015677282e-07
25,355,R,G,2,2,5.731991015677282e-07
26,356,K,W,2,1,5.731991015677282e-07
133,463,P,H,2,2,5.731991015677282e-07
91,421,Y,C,2,1,5.731991015677282e-07
26,356,K,Y,2,1,5.731991015677282e-07
123,453,Y,C,2,2,5.731991015677282e-07
134,464,F,S,2,1,5.731991015677282e-07
86,416,G,R,2,1,5.731991015677282e-07
126,456,F,Y,2,1,5.731991015677282e-07
122,452,L,P,2,2,5.731991015677282e-07
60,390,L,V,2,2,5.731991015677282e-07
92,422,N,I,2,1,5.731991015677282e-07
59,389,D,V,2,2,5.731991015677282e-07
21,351,Y,D,2,2,5.731991015677282e-07
21,351,Y,C,2,2,5.731991015677282e-07
152,482,G,N,2,1,5.731991015677282e-07
59,389,D,T,2,1,5.731991015677282e-07
181,511,V,E,2,2,5.731991015677282e-07
99,429,F,L,2,2,5.731991015677282e-07
44,374,F,V,2,2,5.731991015677282e-07
151,481,N,H,2,2,5.731991015677282e-07
194,524,V,F,2,2,5.731991015677282e-07
17,347,F,S,2,2,5.731991015677282e-07
101,431,G,R,2,2,5.731991015677282e-07
150,480,C,R,2,1,5.731991015677282e-07
155,485,G,T,2,2,5.731991015677282e-07
83,413,G,C,2,1,5.731991015677282e-07
150,480,C,F,2,1,5.731991015677282e-07
166,496,G,W,2,2,5.731991015677282e-07
186,516,E,A,2,2,5.731991015677282e-07
163,493,Q,T,2,2,5.731991015677282e-07
72,402,I,N,2,2,5.731991015677282e-07
35,365,Y,H,2,1,5.731991015677282e-07
165,495,Y,F,2,2,5.731991015677282e-07
35,365,Y,E,2,2,5.731991015677282e-07
36,366,S,L,2,1,5.731991015677282e-07
125,455,L,W,2,1,5.731991015677282e-07
165,495,Y,S,2,2,5.731991015677282e-07
34,364,D,V,2,1,5.731991015677282e-07
184,514,S,N,2,2,5.731991015677282e-07
67,397,A,L,2,2,5.731991015677282e-07
77,407,V,F,2,2,5.731991015677282e-07
79,409,Q,E,2,2,5.731991015677282e-07
133,463,P,R,2,1,5.731991015677282e-07
127,457,R,T,2,2,5.731991015677282e-07
32,362,V,A,2,1,5.731991015677282e-07
159,489,Y,S,2,2,5.731991015677282e-07
31,361,C,Y,2,2,5.731991015677282e-07
40,370,N,I,2,1,5.731991015677282e-07
62,392,F,Y,2,2,5.731991015677282e-07
190,520,A,D,2,2,5.731991015677282e-07
132,462,K,N,2,2,5.731991015677282e-07
157,487,N,T,2,1,5.731991015677282e-07
62,392,F,C,2,2,5.731991015677282e-07
157,487,N,K,2,2,5.731991015677282e-07
157,487,N,I,2,2,5.731991015677282e-07
30,360,N,F,2,1,5.731991015677282e-07
29,359,S,F,2,1,5.731991015677282e-07
29,359,S,C,2,1,5.731991015677282e-07
58,388,N,I,2,2,5.731991015677282e-07
70,400,F,L,2,2,5.731991015677282e-07
101,431,G,V,2,1,5.731991015677282e-07
125,455,L,M,2,2,5.731991015677282e-07
133,463,P,F,2,2,5.731991015677282e-07
47,377,F,S,2,2,5.731991015677282e-07
198,528,K,Q,2,2,5.731991015677282e-07
111,441,L,H,2,1,5.731991015677282e-07
111,441,L,M,2,1,5.731991015677282e-07
12,342,F,C,2,2,5.731991015677282e-07
198,528,K,T,2,1,5.731991015677282e-07
112,442,D,I,2,1,5.731991015677282e-07
48,378,K,E,2,2,5.731991015677282e-07
177,507,P,T,2,2,5.731991015677282e-07
11,341,V,A,2,2,5.731991015677282e-07
48,378,K,Q,2,2,5.731991015677282e-07
113,443,S,L,2,1,5.731991015677282e-07
173,503,V,Y,2,2,5.731991015677282e-07
14,344,A,G,2,2,5.731991015677282e-07
8,338,F,S,2,1,5.731991015677282e-07
51,381,G,E,2,2,5.731991015677282e-07
114,444,K,Y,2,1,5.731991015677282e-07
140,470,T,P,2,2,5.731991015677282e-07
199,529,K,S,2,1,5.731991015677282e-07
200,530,S,F,2,2,5.731991015677282e-07
4,334,N,T,2,1,5.731991015677282e-07
116,446,G,T,2,1,5.731991015677282e-07
50,380,Y,N,2,2,5.731991015677282e-07
174,504,G,Q,2,2,5.731991015677282e-07
118,448,N,H,2,2,5.731991015677282e-07
3,333,T,S,2,2,5.731991015677282e-07
175,505,Y,N,2,2,5.731991015677282e-07
110,440,N,H,2,1,5.731991015677282e-07
121,451,Y,D,2,1,5.731991015677282e-07
53,383,S,P,2,2,5.731991015677282e-07
148,478,T,S,2,2,5.731991015677282e-07
109,439,N,T,2,2,5.731991015677282e-07
179,509,R,I,2,1,5.731991015677282e-07
172,502,G,R,2,2,5.731991015677282e-07
15,345,T,I,2,2,5.731991015677282e-07
103,433,V,L,2,2,5.731991015677282e-07
179,509,R,T,2,2,5.731991015677282e-07
55,385,T,S,2,2,5.731991015677282e-07
53,383,S,Y,2,2,5.731991015677282e-07
108,438,S,Y,2,2,5.731991015677282e-07
108,438,S,F,2,2,5.731991015677282e-07
172,502,G,D,2,2,5.731991015677282e-07
180,510,V,E,2,2,5.731991015677282e-07
197,527,P,Q,2,1,5.731991015677282e-07
109,439,N,S,2,2,5.731991015677282e-07
146,476,G,C,2,2,5.731991015677282e-07
103,433,V,F,2,2,5.731991015677282e-07
49,379,C,S,1,1,2.865995507838641e-07
38,368,L,R,1,1,2.865995507838641e-07
38,368,L,Q,1,1,2.865995507838641e-07
35,365,Y,S,1,1,2.865995507838641e-07
184,514,S,C,1,1,2.865995507838641e-07
37,367,V,Y,1,1,2.865995507838641e-07
184,514,S,P,1,1,2.865995507838641e-07
44,374,F,C,1,1,2.865995507838641e-07
176,506,Q,R,1,1,2.865995507838641e-07
176,506,Q,P,1,1,2.865995507838641e-07
49,379,C,W,1,1,2.865995507838641e-07
49,379,C,T,1,1,2.865995507838641e-07
185,515,F,G,1,1,2.865995507838641e-07
180,510,V,C,1,1,2.865995507838641e-07
177,507,P,K,1,1,2.865995507838641e-07
45,375,S,C,1,1,2.865995507838641e-07
183,513,L,T,1,1,2.865995507838641e-07
181,511,V,Q,1,1,2.865995507838641e-07
47,377,F,I,1,1,2.865995507838641e-07
42,372,A,K,1,1,2.865995507838641e-07
182,512,V,A,1,1,2.865995507838641e-07
178,508,Y,N,1,1,2.865995507838641e-07
178,508,Y,D,1,1,2.865995507838641e-07
182,512,V,G,1,1,2.865995507838641e-07
180,510,V,G,1,1,2.865995507838641e-07
178,508,Y,S,1,1,2.865995507838641e-07
40,370,N,Y,1,1,2.865995507838641e-07
39,369,Y,D,1,1,2.865995507838641e-07
182,512,V,N,1,1,2.865995507838641e-07
177,507,P,Q,1,1,2.865995507838641e-07
182,512,V,P,1,1,2.865995507838641e-07
46,376,T,R,1,1,2.865995507838641e-07
46,376,T,P,1,1,2.865995507838641e-07
43,373,S,K,1,1,2.865995507838641e-07
181,511,V,G,1,1,2.865995507838641e-07
39,369,Y,S,1,1,2.865995507838641e-07
44,374,F,A,1,1,2.865995507838641e-07
137,467,D,V,1,1,2.865995507838641e-07
35,365,Y,N,1,1,2.865995507838641e-07
186,516,E,D,1,1,2.865995507838641e-07
14,344,A,P,1,1,2.865995507838641e-07
197,527,P,N,1,1,2.865995507838641e-07
15,345,T,A,1,1,2.865995507838641e-07
197,527,P,D,1,1,2.865995507838641e-07
196,526,G,V,1,1,2.865995507838641e-07
15,345,T,N,1,1,2.865995507838641e-07
196,526,G,K,1,1,2.865995507838641e-07
17,347,F,C,1,1,2.865995507838641e-07
195,525,C,W,1,1,2.865995507838641e-07
195,525,C,V,1,1,2.865995507838641e-07
195,525,C,R,1,1,2.865995507838641e-07
17,347,F,I,1,1,2.865995507838641e-07
195,525,C,H,1,1,2.865995507838641e-07
195,525,C,G,1,1,2.865995507838641e-07
195,525,C,F,1,1,2.865995507838641e-07
194,524,V,L,1,1,2.865995507838641e-07
17,347,F,V,1,1,2.865995507838641e-07
13,343,N,Y,1,1,2.865995507838641e-07
13,343,N,S,1,1,2.865995507838641e-07
13,343,N,K,1,1,2.865995507838641e-07
5,335,L,M,1,1,2.865995507838641e-07
1,331,N,K,1,1,2.865995507838641e-07
3,333,T,R,1,1,2.865995507838641e-07
201,531,T,P,1,1,2.865995507838641e-07
200,530,S,Y,1,1,2.865995507838641e-07
200,530,S,V,1,1,2.865995507838641e-07
127,457,R,G,1,1,2.865995507838641e-07
4,334,N,I,1,1,2.865995507838641e-07
6,336,C,S,1,1,2.865995507838641e-07
12,342,F,V,1,1,2.865995507838641e-07
8,338,F,P,1,1,2.865995507838641e-07
9,339,G,F,1,1,2.865995507838641e-07
9,339,G,N,1,1,2.865995507838641e-07
199,529,K,L,1,1,2.865995507838641e-07
199,529,K,I,1,1,2.865995507838641e-07
199,529,K,C,1,1,2.865995507838641e-07
11,341,V,G,1,1,2.865995507838641e-07
17,347,F,Y,1,1,2.865995507838641e-07
18,348,A,Q,1,1,2.865995507838641e-07
19,349,S,C,1,1,2.865995507838641e-07
33,363,A,Q,1,1,2.865995507838641e-07
32,362,V,D,1,1,2.865995507838641e-07
189,519,H,I,1,1,2.865995507838641e-07
33,363,A,D,1,1,2.865995507838641e-07
33,363,A,F,1,1,2.865995507838641e-07
33,363,A,G,1,1,2.865995507838641e-07
188,518,L,S,1,1,2.865995507838641e-07
33,363,A,P,1,1,2.865995507838641e-07
33,363,A,Y,1,1,2.865995507838641e-07
31,361,C,R,1,1,2.865995507838641e-07
34,364,D,A,1,1,2.865995507838641e-07
34,364,D,E,1,1,2.865995507838641e-07
131,461,L,V,1,1,2.865995507838641e-07
187,517,L,G,1,1,2.865995507838641e-07
126,456,F,C,1,1,2.865995507838641e-07
35,365,Y,D,1,1,2.865995507838641e-07
35,365,Y,F,1,1,2.865995507838641e-07
31,361,C,S,1,1,2.865995507838641e-07
31,361,C,G,1,1,2.865995507838641e-07
19,349,S,T,1,1,2.865995507838641e-07
26,356,K,G,1,1,2.865995507838641e-07
19,349,S,Y,1,1,2.865995507838641e-07
20,350,V,G,1,1,2.865995507838641e-07
21,351,Y,N,1,1,2.865995507838641e-07
21,351,Y,S,1,1,2.865995507838641e-07
21,351,Y,W,1,1,2.865995507838641e-07
25,355,R,T,1,1,2.865995507838641e-07
192,522,A,C,1,1,2.865995507838641e-07
27,357,R,C,1,1,2.865995507838641e-07
126,456,F,I,1,1,2.865995507838641e-07
191,521,P,H,1,1,2.865995507838641e-07
28,358,I,A,1,1,2.865995507838641e-07
191,521,P,A,1,1,2.865995507838641e-07
30,360,N,L,1,1,2.865995507838641e-07
49,379,C,Y,1,1,2.865995507838641e-07
190,520,A,I,1,1,2.865995507838641e-07
190,520,A,G,1,1,2.865995507838641e-07
131,461,L,H,1,1,2.865995507838641e-07
172,502,G,A,1,1,2.865995507838641e-07
50,380,Y,C,1,1,2.865995507838641e-07
94,424,K,R,1,1,2.865995507838641e-07
95,425,L,S,1,1,2.865995507838641e-07
96,426,P,A,1,1,2.865995507838641e-07
152,482,G,F,1,1,2.865995507838641e-07
96,426,P,C,1,1,2.865995507838641e-07
152,482,G,A,1,1,2.865995507838641e-07
122,452,L,H,1,1,2.865995507838641e-07
97,427,D,C,1,1,2.865995507838641e-07
98,428,D,R,1,1,2.865995507838641e-07
100,430,T,M,1,1,2.865995507838641e-07
101,431,G,D,1,1,2.865995507838641e-07
150,480,C,W,1,1,2.865995507838641e-07
150,480,C,G,1,1,2.865995507838641e-07
135,465,E,K,1,1,2.865995507838641e-07
135,465,E,Q,1,1,2.865995507838641e-07
149,479,P,N,1,1,2.865995507838641e-07
103,433,V,G,1,1,2.865995507838641e-07
104,434,I,K,1,1,2.865995507838641e-07
95,425,L,F,1,1,2.865995507838641e-07
93,423,Y,C,1,1,2.865995507838641e-07
135,465,E,Y,1,1,2.865995507838641e-07
153,483,V,T,1,1,2.865995507838641e-07
157,487,N,S,1,1,2.865995507838641e-07
157,487,N,H,1,1,2.865995507838641e-07
81,411,A,H,1,1,2.865995507838641e-07
133,463,P,T,1,1,2.865995507838641e-07
156,486,F,V,1,1,2.865995507838641e-07
82,412,P,S,1,1,2.865995507838641e-07
82,412,P,T,1,1,2.865995507838641e-07
84,414,Q,P,1,1,2.865995507838641e-07
123,453,Y,D,1,1,2.865995507838641e-07
86,416,G,E,1,1,2.865995507838641e-07
87,417,K,S,1,1,2.865995507838641e-07
154,484,E,T,1,1,2.865995507838641e-07
154,484,E,S,1,1,2.865995507838641e-07
88,418,I,N,1,1,2.865995507838641e-07
88,418,I,T,1,1,2.865995507838641e-07
89,419,A,G,1,1,2.865995507838641e-07
90,420,D,V,1,1,2.865995507838641e-07
105,435,A,P,1,1,2.865995507838641e-07
122,452,L,F,1,1,2.865995507838641e-07
158,488,C,G,1,1,2.865995507838641e-07
137,467,D,G,1,1,2.865995507838641e-07
113,443,S,V,1,1,2.865995507838641e-07
114,444,K,D,1,1,2.865995507838641e-07
137,467,D,H,1,1,2.865995507838641e-07
114,444,K,Q,1,1,2.865995507838641e-07
115,445,V,C,1,1,2.865995507838641e-07
137,467,D,K,1,1,2.865995507838641e-07
115,445,V,S,1,1,2.865995507838641e-07
115,445,V,Y,1,1,2.865995507838641e-07
116,446,G,F,1,1,2.865995507838641e-07
139,469,S,Q,1,1,2.865995507838641e-07
139,469,S,P,1,1,2.865995507838641e-07
137,467,D,N,1,1,2.865995507838641e-07
117,447,G,R,1,1,2.865995507838641e-07
138,468,I,S,1,1,2.865995507838641e-07
120,450,N,H,1,1,2.865995507838641e-07
120,450,N,I,1,1,2.865995507838641e-07
121,451,Y,C,1,1,2.865995507838641e-07
113,443,S,T,1,1,2.865995507838641e-07
112,442,D,N,1,1,2.865995507838641e-07
106,436,W,R,1,1,2.865995507838641e-07
112,442,D,L,1,1,2.865995507838641e-07
107,437,N,I,1,1,2.865995507838641e-07
108,438,S,C,1,1,2.865995507838641e-07
121,451,Y,F,1,1,2.865995507838641e-07
146,476,G,Y,1,1,2.865995507838641e-07
109,439,N,D,1,1,2.865995507838641e-07
146,476,G,R,1,1,2.865995507838641e-07
146,476,G,F,1,1,2.865995507838641e-07
109,439,N,Y,1,1,2.865995507838641e-07
136,466,R,P,1,1,2.865995507838641e-07
110,440,N,R,1,1,2.865995507838641e-07
111,441,L,E,1,1,2.865995507838641e-07
144,474,Q,P,1,1,2.865995507838641e-07
144,474,Q,L,1,1,2.865995507838641e-07
111,441,L,N,1,1,2.865995507838641e-07
111,441,L,S,1,1,2.865995507838641e-07
112,442,D,H,1,1,2.865995507838641e-07
142,472,I,N,1,1,2.865995507838641e-07
81,411,A,F,1,1,2.865995507838641e-07
158,488,C,R,1,1,2.865995507838641e-07
50,380,Y,H,1,1,2.865995507838641e-07
172,502,G,L,1,1,2.865995507838641e-07
57,387,L,F,1,1,2.865995507838641e-07
137,467,D,Y,1,1,2.865995507838641e-07
57,387,L,S,1,1,2.865995507838641e-07
58,388,N,K,1,1,2.865995507838641e-07
171,501,N,R,1,1,2.865995507838641e-07
171,501,N,L,1,1,2.865995507838641e-07
58,388,N,T,1,1,2.865995507838641e-07
58,388,N,Y,1,1,2.865995507838641e-07
59,389,D,A,1,1,2.865995507838641e-07
171,501,N,D,1,1,2.865995507838641e-07
170,500,T,R,1,1,2.865995507838641e-07
60,390,L,H,1,1,2.865995507838641e-07
170,500,T,F,1,1,2.865995507838641e-07
61,391,C,S,1,1,2.865995507838641e-07
62,392,F,I,1,1,2.865995507838641e-07
169,499,P,A,1,1,2.865995507838641e-07
62,392,F,P,1,1,2.865995507838641e-07
56,386,K,Q,1,1,2.865995507838641e-07
172,502,G,N,1,1,2.865995507838641e-07
63,393,T,L,1,1,2.865995507838641e-07
172,502,G,P,1,1,2.865995507838641e-07
50,380,Y,K,1,1,2.865995507838641e-07
174,504,G,R,1,1,2.865995507838641e-07
50,380,Y,S,1,1,2.865995507838641e-07
174,504,G,K,1,1,2.865995507838641e-07
50,380,Y,W,1,1,2.865995507838641e-07
124,454,R,T,1,1,2.865995507838641e-07
173,503,V,T,1,1,2.865995507838641e-07
173,503,V,S,1,1,2.865995507838641e-07
51,381,G,K,1,1,2.865995507838641e-07
124,454,R,S,1,1,2.865995507838641e-07
52,382,V,F,1,1,2.865995507838641e-07
52,382,V,G,1,1,2.865995507838641e-07
173,503,V,E,1,1,2.865995507838641e-07
173,503,V,D,1,1,2.865995507838641e-07
172,502,G,Y,1,1,2.865995507838641e-07
172,502,G,W,1,1,2.865995507838641e-07
172,502,G,Q,1,1,2.865995507838641e-07
168,498,Q,P,1,1,2.865995507838641e-07
168,498,Q,E,1,1,2.865995507838641e-07
158,488,C,W,1,1,2.865995507838641e-07
76,406,E,A,1,1,2.865995507838641e-07
162,492,L,F,1,1,2.865995507838641e-07
76,406,E,G,1,1,2.865995507838641e-07
76,406,E,K,1,1,2.865995507838641e-07
161,491,P,R,1,1,2.865995507838641e-07
76,406,E,V,1,1,2.865995507838641e-07
161,491,P,H,1,1,2.865995507838641e-07
161,491,P,A,1,1,2.865995507838641e-07
79,409,Q,R,1,1,2.865995507838641e-07
160,490,F,R,1,1,2.865995507838641e-07
160,490,F,N,1,1,2.865995507838641e-07
80,410,I,G,1,1,2.865995507838641e-07
80,410,I,M,1,1,2.865995507838641e-07
160,490,F,C,1,1,2.865995507838641e-07
159,489,Y,N,1,1,2.865995507838641e-07
80,410,I,N,1,1,2.865995507838641e-07
159,489,Y,F,1,1,2.865995507838641e-07
81,411,A,D,1,1,2.865995507838641e-07
162,492,L,I,1,1,2.865995507838641e-07
162,492,L,V,1,1,2.865995507838641e-07
63,393,T,P,1,1,2.865995507838641e-07
75,405,D,C,1,1,2.865995507838641e-07
167,497,F,L,1,1,2.865995507838641e-07
66,396,Y,N,1,1,2.865995507838641e-07
67,397,A,E,1,1,2.865995507838641e-07
166,496,G,H,1,1,2.865995507838641e-07
68,398,D,G,1,1,2.865995507838641e-07
68,398,D,Y,1,1,2.865995507838641e-07
166,496,G,A,1,1,2.865995507838641e-07
165,495,Y,M,1,1,2.865995507838641e-07
69,399,S,L,1,1,2.865995507838641e-07
69,399,S,T,1,1,2.865995507838641e-07
70,400,F,S,1,1,2.865995507838641e-07
70,400,F,Y,1,1,2.865995507838641e-07
72,402,I,F,1,1,2.865995507838641e-07
72,402,I,S,1,1,2.865995507838641e-07
73,403,R,P,1,1,2.865995507838641e-07
124,454,R,G,1,1,2.865995507838641e-07
74,404,G,H,1,1,2.865995507838641e-07
61,391,C,R,1,1,2.865995507838641e-07
